EbayID,Title,Price
v1|188560150102|0,Tom Pack and The Hardin Simmons University Singing Men LP RECORD ALBUM,4.99
v1|127942281432|0,Triumph - The Sport Of Kings Vinyl LP Record MCA-5786 With Inlay,12.00
v1|298453129541|0,Def Leppard Pyromania Vinyl LP Record 1983 Vintage Rock Music,49.99
v1|198453436016|0,"Vintage Roger Williams Solid Gold Steinway Vinyl LP 12"" Kapp Easy Listening",5.99
v1|158027696414|0,Blood Sweat & Tears - Greatest Hits - 1972 - Columbia PC31170 W/Inner Sleeve VG+,5.99
v1|398107724384|0,Claudio Arrau Liszt 7 LP Box Set Philips 6768 355 Booklet Netherlands 1983,27.99
v1|318505089377|0,Fiddler on the Roof Soundtrack Deluxe 2 Record Vinyl LP John Williams Isaac,20.00
v1|318505089382|0,Hymns Of Gold 20 Great Artists 20 Golden Hymns Vinyl LP C 10779 Johnny Cash,15.00
v1|318505089397|0,Vaclav Trojan The Merry-Go-Round Supraphon Vinyl LP Czech Philharmonic SUB 10068,30.00
v1|318505089362|0,Hoe Down Vol 4 Champion Fiddler DeWayne Wear Rural Rhythm Vinyl LP RR Fiddle 121,20.00
v1|307025437029|0,"Pete Rodriguez Oh, That's Nice SLPA 8600 Boogaloo Vinyl LP 1967 ",49.99
v1|307025437030|0,Cinderella NIght Songs 830 076-1-M-1 Mercury Hard Rock Vinyl LP 1986,22.99
v1|307025437005|0,Minutemen Project Mersh SST 034 1985 Punk Rock Vinyl LP,24.99
v1|206373422504|0,"Tops Cha Cha Cha and Mambo Perez Prado Tito Rodriguez Vinyl LP 12"" 33RPM",10.00
v1|377296116066|0,Sufferer - Sufferer - Vinyl Record LP - FFO A Lot Like Birds / Hail the Sun,30.00
v1|327232647088|0,WILLIE NELSON - RED HEADED STRANGER - 1975 Columbia Vinyl LP KC 33482-1 (EX),25.00
v1|407027682705|0,The Manhattan Transfer Self Titled 1975 Vinyl LP Atlantic Records,11.99
v1|267709859746|0,Counting song Alphabet song Nursery party Peter Pan LP Album RARE Record vinyl ,1.99
v1|800244184115|0,Dean Martin The Christmas Album RS-6222 Vinyl Xmas In July RARE READ* VG TESTED*,20.00
v1|398107721878|0,BLACK OAK ARKANSAS X RATED MCA-2155 LP VINYL RECORD (NM),14.99
v1|358722511590|0,Willie Nelson Angel Eyes Vinyl,4.00
v1|267709859273|0,THE PRINCETON TIGERTONES/SELF-TITLED 1961-62/IVY RECORDS/PRE-OWNED/RECORD IS EX,15.00
v1|178255867934|0,Favorite Sacred Songs Somerset SF 18500 LP Record Peace in the Valley 1964 VG+,16.99
v1|127942276973|0,Vinyl 33 RPM LP Record - The Beatles - Side 3 & 4 of White Album (No Cover/Slee),15.00
v1|358722501604|0,Sadler’s Wells Ballet Presentation Sylvia Ballet Music Decca LP Hugo Rignold,11.37
v1|398107720050|0,Michael Jackson Vinyl LP  1979 Off The Wall EPC 83468 UK Orange Label,74.99
v1|257587391076|0,"Mac Miller The Divine Feminine 2016 12"" Black Vinyl LP Warner Bros. Explicit",1100.00
v1|178255865552|0,IN SHRINK Journey Departure 1980 Vinyl Record Ex+ VG+,19.99
v1|227404104743|0,MARK MURPHY Viva Brasil Brasil Song Cancoes Do Brasil LP Muse 1984 MR5297,19.00
v1|358722490185|0,Sons Of The Pioneers Room Full of Roses 1960 LP Vinyl Record CAL-587,7.00
v1|358722489908|0," Stranger Things Netflix 12"" Vinyl LP Soundtrack",20.00
v1|236898847858|0,Barbra Streisand Lot- GUILTY W/ Barry Gibb {Bee Gees} & Color Me Barbara D3,10.99
v1|407027676171|0,The Trumpet Kings Vinyl Album Meet Joe Turner 1975 Pablo/RCA Records Shrink Wrap,10.00
v1|307025425738|0,"NANCY WILSON: the nancy wilson show! CAPITOL 12"" LP 33 RPM",8.00
v1|366504103408|0,"Rare Bird LP Epic Forest UK Polydor 1st Press Gatefold + 7"" Bonus EP",60.00
v1|377296111284|0,SIMON & GARFUNKEL Bookends LP '68 Columbia KCS 9529 Original 2 EYE EX,39.98
v1|257587389318|0,"NEAR MINT  ""The Who Magic Bus / The Who Sings My Generation"" 2-LPs FROM 1980   P",24.99
v1|257587389311|0,Noname - Telefone Vinyl Me Please Edition - Limited Edition,350.00
v1|318505077523|0,1972 AFRTS David T Walker Boots Randolph Instrumental Armed Forces Transcription,44.99
v1|377296108321|0,Promo ~ DAKTARI TV Soundtrack OST Shelly Manne LP '67 ATLANTIC Mono Tested EX,39.98
v1|358722474439|0,Gorillaz Cracker Island  Vinyl LP Parlophon 505419719,19.95
v1|358722473867|0,"Adam Giselle (Complete) - Fistoulari, London Symphony - Capitol  ",9.00
v1|358722473696|0,JOHN LENNON The Lost Lennon Tapes volume 4 four scarce vinyl LP,31.99
v1|377296106787|0,Cap'n Jazz - Analphabetapolothology - Vinyl Record - Double LP,30.00
v1|198453436019|0,Vintage Presenting The Southerners Vinyl LP Gospel Christian Xian Private Press,17.99
v1|227404100463|0,"Tex Ritter Tex Ritter Sings LP Vinyl 12"" 33RPM Stereo Hi-Fi Spinorama S-179",15.00
v1|257587387214|0,TARNEY SPENCER BAND THREE'S A CROWD  SP-4692 LP VINYL PROMO RECORD Tested,10.00
v1|407027670352|0,STEREOLAB - DOTS & LOOPS EXPANDED EDITION LP LIKE NEW 2019 WARP RECORDS 3LP SET,49.99
v1|398107709136|0,ELO Night The Light Went On In Long Beach LP Allen Zentz Mastered MINT Vinyl,34.99
v1|358722467029|0,The Chuck Wagon Gang He Walks With Me LP Vinyl Record Album,8.00
v1|127942269465|0,The Godfathers - Birth School Work Death Vinyl LP 1988 Epic Original Alt Rock,21.95
v1|358722466069|0,Lonnie Liston Smith & The Cosmic Echoes Expansions LP Flying Dutchman OG Press,60.00
v1|358722464076|0,John Lennon/Plastic Ono Band Shaved Fish Vinyl,3.00
v1|377296105039|0,The Surfaris  WIPE OUT  Vinyl LP  Dot Records  DLP 25535  US 1963  VG/VG,18.00
v1|257587386858|0,[Out of print LP] Kazue Ito / Tsunehiro Izumi / Rising! Saeko Himuro VG+,29.99
v1|407027667746|0,Lot Of 23 Mercury Living Presence Classical Vintage LPs see Desc / Pics,400.00
v1|366504090682|0,Lot of 4 Vintage Elvis Presley LP Records G.I. Blues Back In Memphis Vinyl,34.99
v1|278126001590|0,Sting - Nothing Like The Sun - Tested Vintage Vinyl LP,19.99
v1|358722456390|0,ANTHEIL/DE BANFIELD Capital Of The World/The Combat 1954 LP Capitol P-8278 - G+,5.00
v1|158027684021|0,Kimyan - Coloria [Used Very Good Vinyl LP],34.38
v1|188561238479|0,"Khemmis - Khemmis [Used Very Good Vinyl LP] Clear Vinyl, Gatefold LP Jacket, Ora",30.28
v1|227404098588|0,"Outlaws Lady In Waiting LP Vinyl Record Arista 12"" Stereo Rock",12.00
v1|298453110307|0,JOHN LENNON The Lost Lennon Tapes volume 3 three scarce vinyl LP,31.99
v1|168492643301|0,EL TROVADOR CODINA - El Voz Que Lleno Una Epoca Vinyl LP- 1958 Latin BOLERO,10.00
v1|298453109219|0,J Geils Band Live Vintage Vinyl LP Record Blues Guitar Used,26.64
v1|227404098299|0,"Daft Punk ""One More Time"" Original Single Sided 12"" Vinyl 2000 Europe UK DJ Club",69.99
v1|227404098137|0,Medicine Show - FT. FRANKIE BONES. PLAY ONE RECORD. VINYL,30.00
v1|147374960283|0,Solti Mendelssohn Symphony No 4 Schubert No 5 LP London CS 6065 FFSS 1E/1E VG+,17.99
v1|198449653246|0,ROSANNE CASH King's Record Shop LP Vinyl NM Hype Shrink C-40777 Columbia 1987,10.99
v1|188560150111|0,Lill Sundberg Anderson A Token of Love Dade City FL Gospel Music LP RECORD ALBUM,4.99
v1|407027663285|0,Phoebe Snow - Second Childhood Vinyl LP 1976,12.99
v1|168492642820|0,DONNY HATHAWAY Live VG 1972 ORIG VINYL LP ATCO Records SD 33-386 Rare,49.99
v1|257587385263|0,Led Zeppelin - IV Exclusive Vinyl Record LP w/ Backstage Pass Replica Sealed New,40.00
v1|227404097314|0,TT Quick Metal of Honor ORIGINAL MEGAFORCE 1986 Vinyl LP Island Records w/Promo,34.99
v1|158027683033|0,"5 GUITAR LPs..Lloyd Green, Charlie Byrd, Arthur Smith, Marco Antonio Muniz, Luiz",19.99
v1|158027682782|0,Blood Sweat And Tears - Self Titled - 1969 - Columbia CS 9720 VG+,4.99
v1|188561235721|0,Improvisations Flute de Pan et Orgue Gheorghe Zamfir et Marcel Cellier Disques C,14.00
v1|257587384700|0,LEON BRIDGES - GOOD THING - COLUMBIA RECORDS LP,22.99
v1|358722443495|0,Country Vinyl Ferlin Husky Patsy Cline Jimmy Dean,5.00
v1|336656993885|0,Bob Dylan -Highway 61 Revisited LP/Columbia/XSM 110640/NO RECORD COVER/LP&SLEEVE,7.77
v1|267709852194|0,Little Feat Time Loves A Hero PROMO LP Vinyl Record 1977 Warner BS 3015 NM,24.00
v1|358722441609|0,JOHN LENNON The Lost Lennon Tapes volume 1 one scarce vinyl LP,31.99
v1|407027658242|0,Autograph Vinyl Album Sign In Please 1984 RCA Records Turn Up The Radio,20.00
v1|198454270551|0,Vinyl Lp Donny And Marie Winning Combination I’m Leaving It All Up To You Lot￼,14.99
v1|336656993280|0,Paul Siebel David Bromberg Gary White Rag Baby Records Vinyl Record LP,8.21
v1|398107699026|0,"Nm  Beatles Please Please Me Parlophone LP Vinyl PCS 3042 12"" 33 RPM Stereo",119.99
v1|318505057718|0,Melissa Manchester – Greatest Hits - 1983 - Arista AL 9611 Vinyl LP EX/VG+!!!,8.99
v1|257587383578|0,1984 vintage Japanese PANZER WORLD GALIENT anime OST LP soundtrack RECORD mecha!,34.99
v1|267709851845|0,RARE Neville Brothers Brother’s Keeper PROMO LP Vinyl Record 1990 VG+,25.00
v1|227404095652|0,"Willie Nelson Willie Nelson & His Friends LP Vinyl 12"" Plantation 1973 Country",25.00
v1|377296093697|0,"Gastunk ""Dead Song"" 12"", AMG Slabbed & Graded 9, First Pressing, Japan Release",150.00
v1|358722436216|0,JOHN BUZON TRIO Inferno LP '59 LIBERTY Mono Exotica Latin Jazz Mambo EX-,39.98
v1|147398199903|0,"Threat to Survival by Shinedown (Record, 2021)",40.00
v1|267709851414|0,Rodney Crowell Ain't Living Long Like This 1978 LP Vinyl Record BSK 3228 NM,12.00
v1|178255853147|0,"Honey Bees - Endless / Let's See What's Happening 7"" Promotional 45",20.00
v1|398107694810|0,Talk Talk It's My Life 1984 in Shrink 0 7777 17113 1 Record Vinyl LP,25.00
v1|267709850936|0,John Prine Storm Windows LP 180 Gram Vinyl Record Reissue R1 286 NM,16.00
v1|358722434461|0,"THIEF IN THE NIGHT by Charlotte McKinnon-12"" Vinyl/Dance",9.99
v1|407027653734|0,Engelbert Humperdinck LP – A Man Without Love (London/Parrot) record,11.99
v1|407027653644|0,"Barry Manilow This One's for You 12"" Black Vinyl LP 33RPM Arista AB 4090",5.50
v1|227404093414|0,The Beach Boys - Beach Boys '69 Live In London - Vinyl / LP,4.00
v1|227404093165|0,"Harry Belafonte Belafonte RCA Victor LSP-1150(e) LP Vinyl 12"" Stereo Calypso",13.00
v1|198453436007|0,"Vintage Peter E Tevis Train Your Bird To Talk Vinyl LP 12"" Jet Spoken Word 1985",7.99
v1|800242950292|0,Melatones Behold The Hands Gospel Music LP RECORD ALBUM,4.99
v1|227404092316|0,Ringling Bros. and Barnum & Bailey Band Circus Parade LP Record Album Vintage,24.99
v1|407027650414|0,"Neil Diamond Rainbow 12"" Black Vinyl LP 33RPM MCA Records MCA-2100",6.99
v1|318505043597|0,9 Christmas Records John Denver Four Seasons Jackie Gleason Tennessee Ernie Ford,20.00
v1|267709849848|0,Otis Redding Love Man LP Vinyl Record 1969 Atco SD 33-289 NM,30.00
v1|307025412376|0,Lot of 3 Vintage Percy Faith Record Vinyls LPs Orchestra Stereo Columbia ,4.95
v1|307025412313|0,2x Lot Mitch Miller Vinyl LP March Along With Mitch Party Sing Along With Mitch,3.49
v1|307025412326|0,Just Listen Vinyl LP Record Various Artists Magnavox CSS 1337 Stereo Columbia ,2.95
v1|307025412329|0,"Sammy Kaye Popular American Waltzes Decca Vinyl Record LP Jazz Big Swing, 1957",6.95
v1|307025412346|0,Jerry Vale Till Vinyl Stereo 33 RPM LP Columbia Limited Edition LE Record Music,6.95
v1|307025412352|0,Floyd Cramer Almost Persuaded & Other Hits Vinyl Record LP 1971 RCA CAS-2508,2.95
v1|307025412353|0,"Eddie Heywood Golden Encores Vinyl Liberty Record LP 33 RPM 12"" Orchestra Exodus",3.95
v1|257587376271|0,Pakeezah Bollywood Soundtrack Vinyl LP HMV EMI IND 1029 Naushad Ghulam,59.99
v1|358722427117|0,WES MONTGOMERY A Day In The Life LP A&M SP 3001 Jazz MONARCH Press TESTED EX,39.98
v1|358722426566|0,Philadelphia Orchestra Nutcracker Suite 10in Shellac LP 33 RPM RCA LM 8 VG+,13.99
v1|267709849312|0,The Refreshments Fizzy Fuzzy Big & Buzzy LP Vinyl Record 2015 VG+,110.00
v1|257587374041|0,B.B. King - Indianola Mississippi Seeds [RedVinyl] Vinyl LP Album,25.00
v1|257587373421|0,RARE Dordt College Concert Choir 1968 Vinyl Record LP-Rare,500.00
v1|327232616135|0,KENNY DORHAM ~ AFRO-CUBAN ~ RARE LP GRAIL!!! BLUE NOTE 1535 RVG ~ LOTUS FLOWER!!,2777.00
v1|407027647133|0,"Neil Diamond Moods 12"" Black Vinyl LP 33RPM UNI Records 6369 618",5.99
v1|227404089699|0,"Jerry Wallace This Is Jerry Wallace LP Vinyl Decca 1971 12"" 33RPM Country",8.00
v1|267709848652|0,The Rolling Stones Sticky Fingers LP Vinyl Record 1971 Zipper Cover COC 59100 NM,90.00
v1|407027645144|0,Julie London Lonely Girl LP 1956 Mono 1st Press Turquoise Label Scranton LRP-301,29.99
v1|358722417600|0,The Original Recordings By Glenn Miller And His Orchestra Vinyl LP Record RCA,8.00
v1|307015782960|0,"Lipps, Inc. Funkytown / All Night Dancing Vinyl 7'' 45 RPM",8.99
v1|267709848297|0,The Rolling Stones Get Yer Ya-Ya’s Out LP Vinyl Record London 1970 NPS-5 VG,10.00
v1|407027644104|0,"Neil Diamond Beautiful Noise 12"" Black Vinyl LP 33RPM Columbia PC 33965",5.48
v1|377296076204|0,HERB ALPERT Whipped Cream & Other Delights '65 A&M EX Cheesecake,24.98
v1|358722415212|0,JIMMY SMITH Back At The Chicken Shack LP DMM Cadre Rouge Audiophile Tested NM,37.48
v1|377296076186|0,"SKYLITE Boogie Butt / Smile 12"" RAMPART Disco Funk BLUE SPLASH Wax EX",29.98
v1|377296076187|0,3x EX Lot LONNIE LISTON SMITH Loveland / Love Is The Answer / Reflections Of A,99.99
v1|377296076190|0,MATT DENNIS Plays and Sings LP KAPP Mono Jazz Laminated EX+,24.98
v1|377296076191|0,"GOMEZ PRESLEY The Letter / FREE ENTERPRISE Make It On My Own 12"" BLACK SUN EX",29.98
v1|377296076193|0,3x NM LOT of JIMMY SMITH Stay Loose / Livin' It Up / The Boss VERVE Stereo,59.98
v1|178255829527|0,Bob Dylan Nashville Skyline Vinyl LP 1969 First Press  Columbia KCS 9825-EX CASH,37.50
v1|147398183829|0,"Us and Them by Shinedown (Record, 2021)",28.00
v1|168492622844|0,"NEIL YOUNG- ""After The Gold Rush""- 1970 - With INSERT ",16.00
v1|257587366889|0,Macross Song Collection Anime Soundtrack LP Vinyl Record 1984 Robotech Japan EX,62.99
v1|307025407905|0,"JAMES GALWAY & HENRY MANCINI IN THE PINK LP 12"" VINYL ""PINK PANTHER"" NM",15.00
v1|407027640101|0,"Smokey Robinson and the Miracles Anthology 12"" Vinyl LP Motown Soul/R&B",19.99
v1|407027639848|0,"Sawyer Brown Self Titled, LP Vinyl 1985, Capitol ST-12391 Country Rock, Promo",14.99
v1|398107649823|0,Dire Straits - Brothers In Arms (LP) (Very Good Plus (VG+)) - 4225148808,19.99
v1|236898817114|0,"Fleetwood Mac – Rumours EX Vinyl, & Sleeve Textured Sleeve Rock Feb 4, 1977",40.00
v1|358722411010|0,Mitch Miller and the Gang Happy Times! Sing Along With Mitch Stereo CS 8368,12.00
v1|227404084273|0,"Willie Nelson ""Pretty Paper""  1979 Columbia JC 36189",8.98
v1|168492620681|0,Pink Floyd Wish You Were Here RARE BLUE VINYL 1975 Holland Import 5C06296918,149.99
v1|168492620393|0,The Beatles - White Album - LP Vinyl Remaster - US Pressing (w/Poster + Photos),75.00
v1|407027635757|0,"Neil Diamond Tap Root Manuscript 12"" Black Vinyl LP Stereo UNI Records 1970",7.00
v1|198454251776|0,APOLLONIA 6 Sex Shooter Prince DEBUT LP WARNER BROS W/INSERTS,24.99
v1|158027642710|0,"Sound Effects - Volume 5 (1963, Vinyl LP, Audio Fidelity – DFS 7016) VG/G",4.00
v1|147398180106|0,"Sound of Madness by Shinedown (Record, 2021)",30.00
v1|227404079832|0,Bing Crosby – Home on the Range LP • Decca • Country Classic • VG/VG,10.99
v1|307025404081|0,Scenes from Die Walkuere by Richard Wagner double vinyl record MO728 Tested,15.00
v1|307025404066|0,Giuseppe Verdi Il Trovatore 33 RPM Double LP Record Metropolitan Opera 1957 Y,10.00
v1|318505003206|0,1972 AFRTS Shirley Bassey I Capricorn Carol Hall Beads Feathers Armed Forces LP,44.99
v1|147398178758|0,Fleetwood Mac LIVE Warner Bros. Vinyl 2LP Rock Record *Ultrasonic Cleaned*,9.95
v1|358722403445|0,Dean Martin Gentle On My Mind Vinyl ,7.00
v1|398107623531|0,Beatles Vinyl LP - Help! (PCS 3071) Stereo 1985 UK Parlophone,79.99
v1|336656966433|0,Elvis Presley Superstar Very Rare LP with Bi-Folding Cover Near Mint+,128.00
v1|206373374950|0,"Signed! Vintage 1981 TOM JONES  ""Darlin'""  LP,  PolyGram Records",135.00
v1|198454248280|0,ZZ Top Blues Rock and Osibisa Afro-Rock 4-Album Vinyl Lot,6.32
v1|178255818636|0,The Temptations – GORDY PROMO Red Wax - Funky Music Sho Nuff Turns Me On M- Cond,10.00
v1|267709843874|0,The Music People (3 LPs) David Clayton Thomas/Blood Sweat & Tears/Dylan/Byrds,16.00
v1|117268977892|0,BUDGIE: bandolier MCA MCF 2723 UK PRESS LP ONLY EX,20.00
v1|198453436044|0,"Vintage Olivia Newton-John's Greatest Hits Black Vinyl LP 12"" 1977 MCA Country",9.99
v1|287419115308|0,"10,000 Maniacs Interview Picture Disc 1985 Limited Edition",25.00
v1|198454243656|0,Dr. Dre the Chronic Vinyl Record,25.00
v1|147398172861|0,Shinedown Somewhere in the Stratosphere 4 LP,100.00
v1|147398172538|0,"MINT SEALED Spandau Ballet ""True"" LP FROM 1983 1ST PRESS    COMBINED SHIP USA  P",59.99
v1|336656968205|0,"Emerson, Lake & Palmer Vinyl Record LP - In Concert Atlantic Records",13.67
v1|407027605142|0,Judas Priest Defenders of the Faith Vinyl LP 1984 Columbia FC 39219 Heavy Metal,26.99
v1|407027605123|0,Rock Menu Hot Platter Of Chrysalis Hits 1986 Vinyl,14.99
v1|137453621438|0,The Rascals My World / People Got to Be Free 45 RPM (box30),6.00
v1|198449648760|0,ROSANNE CASH Rhythm & Romance Vinyl LP Record Hype NM Columbia FC 39463 1985,9.99
v1|267690669851|0,Jackie  Martling Normal People Are People You Don't Know That Well OHR-32 1981,14.95
v1|298452507434|0,"Joseph Haydn, Antal Dorati ~ Symphonies No 92 And No. 90 ~ 1978 ~ LP ~ EX",9.99
v1|188560150098|0,Men Of Music Featuring Clair Hess & Ray Felton Gospel Music LP RECORD ALBUM,4.99
v1|336656536647|0,David Cassidy - Lyin' To Myself EX/VG+ 1990 Ultrasonic Clean Vinyl,12.50
v1|407027602882|0,Horace Andy - Dance Hall Style LP LIKE NEW 2022 W1383,39.99
v1|377296050550|0,"Offenders ""We Must Rebel"" 12"", AMG Slabbed & Graded 8, First Pressing",200.00
v1|257587357283|0,Soundtrack/Layzner Bgm Collection Vol.2 K25G7295 Used LP EX Anime Japan Import,39.99
v1|327232596230|0,BLUE CHEER - VINCEBUS ERUPTUM - 1968 Philips EMBOSSED COVER Vinyl LP PHS 600-264,25.00
v1|227404069081|0,DURAN DURAN Carnival Mini LP Vinyl Record Album LP EP Original Inner Sleeve NM,14.99
v1|117268972112|0,King Crimson- The Compact King Crimson- 2 LP's Only,12.00
v1|257587356689|0,Loretta Lynn Sings Debut Album 1963 Decca Records DL 74457 USA,39.00
v1|358722390404|0,Chet Atkins Now And Then LP Vinyl Record Album,10.00
v1|318504991619|0,Rick Astley Lp 12” Together Forever 1987 V. G+ / Vinyl N. M,14.99
v1|307025394047|0,Larry Groce - Disney's Children's Favorites Vol 1 Lp 2505 Vinyl 1981 Shrink VG+,11.99
v1|298453060723|0,Santana Same Live Picture LP Osaka 1973 Made IN Italy,108.50
v1|206373364091|0,"Liza Minnelli, Liza With A “Z” (Vinyl 1972 Concert Album 12"") 🔥 Demo Copy",15.50
v1|198454239484|0,Wilson Pickett and Disco Funk 4-Album Vinyl Lot,9.58
v1|178255809507|0,Sabrina Carpenter - Man's Best Friend - White Vinyl LP Target Ex Record,18.00
v1|398107608250|0,Essential Stevie Wonder Best Of  2X Vinyl Gatefold Super Rare Tamla Motown 1987,149.99
v1|407027600246|0,Pink Floyd /The Dark Side Of The Moon LP UK 1973 Pressing A6 B4 Harvest NM/NM,264.48
v1|227404066791|0,RONNY AND THE DAYTONAS Original First G.T.O. Vinyl Record Album LP Mala Records,19.99
v1|147398169561|0,Shinedown Planet Zero Limited Edition Double Lunar Red Vinyl,22.99
v1|168492605563|0,Loggins And Messina ‎– Mother Lode PC 33175~ Vinyl NM,5.25
v1|407027600246|0,Pink Floyd /The Dark Side Of The Moon LP UK 1973 Pressing A6 B4 Harvest NM/NM,264.48
v1|227404066791|0,RONNY AND THE DAYTONAS Original First G.T.O. Vinyl Record Album LP Mala Records,19.99
v1|147398169561|0,Shinedown Planet Zero Limited Edition Double Lunar Red Vinyl,22.99
v1|168492605563|0,Loggins And Messina ‎– Mother Lode PC 33175~ Vinyl NM,5.25
v1|257587355585|0,JOE CUBA SEXTET - ESTAMOS HACIENDO ALGO BIEN LP 1966 TICO RECORDS TRLP 1133,16.78
v1|198454239063|0,EDITH PIAF 1963 CHANSONS Vinyl LP Record Capitol Records Stereo,19.99
v1|178255808417|0,Mick Ronson – Slaughter On 10th Avenue LP Vinyl RCA APL1-0535 LP Only VG+,5.00
v1|287419109160|0,"Charlie Daniels Band Million Mile Reflections 12"" Vinyl LP Epic Rock Vintage",14.99
v1|168492605274|0,KATE SMITH Christmas With Kate Vinyl Lp 1959 US Press Tops L1677 Mono VG/VG+,8.00
v1|287419109142|0,"Asia Alpha 12"" Black Vinyl LP Album 1983 Geffen USA Prog Rock AOR Vintage",14.99
v1|287419109127|0,"Dire Straits Making Movies 12"" Black Vinyl LP 1980 Warner USA Rock Vintage",14.99
v1|287419109102|0,"Beatles Sgt Pepper 12"" Black Vinyl LP 1967 Capitol USA Psychedelic Rock Vintage",79.99
v1|287419109104|0,"Billy Joel The Stranger 12"" Black Vinyl LP 1977 Columbia USA Rock Pop Vintage",17.99
v1|168492605249|0,Duran Duran - Notorious Vinyl LP- 1986 Pressing,15.00
v1|178255807523|0,"SABRINA CARPENTER Espresso Chocolate Brown Colored Vinyl Record 7""",24.00
v1|257587355123|0,OST TOMORROW'S JOE LP Jazz Funk Breaks JAPAN ANIME SKD(H)2002 VG+ Soundtrack HTF,74.99
v1|287419108844|0,4 LP BOX RCA RED SEAL Mozart COSI FAN TUTTI Leinsdorf LEONTYNE PRICE,15.00
v1|158027632442|0,Donovan's Greatest Hits LP vinyl 1979 VG+ PE26439 Epic Records,7.00
v1|336656964171|0,Vision Quest Original Soundtrack (Geffen Records 1985) Original Release Vinyl LP,24.99
v1|198453436062|0,"Vintage Neil Diamond Tap Root Manuscript Black Vinyl LP 12"" 1970 Pop Rock Album",8.99
v1|318504989038|0,"Lot of 2 Paul Revere & Raiders Greatest Hits + Carole King Tapestry 12"" LP",45.00
v1|117268970383|0,Bruce Springsteen Born to Run Vinyl LP Record 1975 Gatefold Shrinkwrapped Rock,18.75
v1|168492604374|0,"New Edition New Edition 12"" Vinyl LP MCA Records R&B Soul MCA-5515",60.00
v1|147398168828|0,"Lynyrd Skynyrd Nuthin' Fancy MCA-2137 LP 12"" Vinyl Record Rock 1975",19.99
v1|307025392363|0,The Kingsmen - Up and Away Vinyl LP Record - Wild Thing - VG,10.75
v1|307025392364|0,The Fabulous Les Paul & Mary Ford - Harmony HS 11133 Vinyl LP VG,10.75
v1|307025392370|0,Lacy J Dalton TKin’ It Easy Vinyl LP 1981 Vinyl Record Album VG,10.75
v1|307025392371|0,The Kingston Trio Here We Go Again Vinyl LP Record USED VG,10.75
v1|307025392375|0,The Limeliters The Best of Vinyl Record LP Folk Vocal Compilation Album VG,10.75
v1|307025392379|0,Lee Greenwood. You’ve Got A Good Love Comin’ VG Vinyl LP. 1984 OG In Shrink. ,10.75
v1|307025392380|0,Limo (1977 Vinyl 2-LP) Warner Bros PRO 691 KM Pressing VINTAGE DOUBLE ALBUM VG,10.75
v1|307025392382|0,Kings of Dixieland Volume 4 Bright Red Record 33 RPM Vinyl Record LP VG,10.75
v1|307025392383|0,"Franz Schubert - Lili Kraus, Opus 90 (Four Impromptus) / Opus 142 Vinyl VG/W",10.75
v1|307025392386|0,Les Paul & Mary Ford – Hits of Les and Mary LP Capitol Pop Vocal DT-1476 VG ,10.75
v1|307025392389|0,LP Lester Roadhog Moran Alive Johnny Mack Brown High School Vinyl Mercury VG,10.75
v1|307025392392|0,The Kirby Stone Four With Jimmy Carroll -The Go Sound LP VG,10.75
v1|307025392395|0,Old St. Louis Levee Band - The Old St. Louis Levee Band MK97-892 LP Vinyl VG,10.75
v1|117268970252|0,1973 Queen Self Titled LP Elektra EKS-75064 LP Only,7.00
v1|358722382952|0,Chet Atkins In Three Dimensions Vinyl LP Record Album Mono LPM-1197,9.00
v1|178255806677|0,Sabrina Carpenter **Tears ** RECORD LP VINYL INDIE EXCLUSIVE 7 INCH SINGLE,15.00
v1|227404065591|0,Jim Matthews MD The Singing Surgeon Down Home LP VG+ Music Emporium LPME3,15.00
v1|407027597978|0,Telepath 夜明けが訪れ LP LIKE NEW RARE OOP 2LP SET,69.99
v1|158027630990|0,The Rolling Stones Let It Bleed w/Inner Record Lp Original Vinyl Album,29.99
v1|287419107860|0,Procol harum -grand hotel vinyl lp1973 chrysalis CHR 1037 booklet,7.50
v1|188561157531|0,Freddie Hubbard Echoes Of Blue w/inner Jazz Record original lp vinyl album,14.25
v1|227404065186|0,Rod Stewart Vinyl Album - Footloose and Fancy Free picture book..,5.55
v1|287419107492|0,"The Doors Greatest Hits Limited Edition Vinyl, 2020",35.00
v1|188561156946|0,"VARIOUS: radio smash flashbacks, prime time LAURIE 12"" LP 33 RPM",14.99
v1|287419107171|0,Jimmy Barnes - Freight Train Heart 1988 USA Orig. Vinyl LP Lyrics VG+/E,15.99
v1|257587354291|0,ROD STEWART SING IT AGAIN ROD MERCURY 1972 DYE CUT GLASS R114392 LP Record,4.98
v1|117268968898|0,Queen Jazz LP Electra LP Only,5.00
v1|307025391327|0,BRECKER  ERSKINE GOMEZ MAINIERI ELIAS - STEPS AHEAD - ELEKTRA MUSICIAN LP 60168,12.95
v1|377296045808|0,"Jaÿ-Z – Reasonable Doubt-1996 US -12"" Vinyl-Roc-A-Fella Records-PI 50592-1xLP(B)",50.00
v1|168492597928|0,"Jethro Tull Stormwatch LP Vinyl Chrysalis Records 1979 CHR1238 12"" 33 RPM",9.00
v1|257587353781|0,HONDURAS CANTA AL SENOR - RENAN CARIAS / BAC Productions / Shrink / EX,14.78
v1|127942222954|0,[SOUL/ROCK]~EXC/VG+ LP~GARLAND JEFFREYS~Escape Artist~[Original 1981~CBS~Issue],9.99
v1|127942222957|0,[SOUL/FUNK]~EXC LP~PATTI AUSTIN~Gettin' Away With Murder~[Original 1985~QWEST]~,8.99
v1|127942222958|0,[ROCK/POP]~NM LP~CARS CAN BE BLUE~All The Stuff We Do~[2005]~w/ PROMO PHOTOS~,49.99
v1|127942222960|0,[SOUL/JAZZ]~EXC LP~BRIAN AUGER'S OBLIVION EXPRESS~Closer To It!~[1973~RCA~Issue],12.00
v1|127942222965|0,[ROCK/POP]~EXC LP~JOHN DENVER~Aerie~[Original 1971~RCA~Issue],8.99
v1|127942222966|0,[ROCK/POP]~EXC LP~LENNY DEE~Where Is The Love~{Original 1972~DECCA~Issue],8.98
v1|127942222967|0,[SOUL/FUNK/ROCK]~EXC LP~VARIOUS ARTISTS~A HAPPENING~[Original 1966~DESIGN~Issue],8.99
v1|127942222968|0,[POP]~EXC LP~BRENDA LEE~The Versatile Brenda Lee~[Original 1965~DECCA~STEREO],10.99
v1|127942222971|0,[ROCK/POP]~EXC LP~The RUMOUR~'Max'~[Orginal 1977~VERTIGO~Issue]~UK IMPORT~,11.99
v1|127942222972|0,[SOUL/FUNK]~EXC LP~RHYTHM HERITAGE~Last Night on Earth~{OG 1977~ABC~Issue],8.96
v1|127942222984|0,[ROCK/POP]~EXC LP~VARIOUS ARTISTS~A NEW OPTIMISM~{1984~SITUATION TWO]~UK IMPORT,9.99
v1|127942222985|0,[OST]~EXC 2 DOUBLE LP~THOSE GLORIOUS MGM MUSICALS~Pirate~Pagan Love Song~Hit The,9.99
v1|127942222986|0,"[CHORAL/POP]~EXC LP~VARIOUS~SWEET ADELINES, INC~Singtime In The Rockies~1961~Con",59.99
v1|127942222989|0,[WORLD]~[IRELAND]~EXC LP~NOEL KINGSTON~PADDY FARRELL~Mixed Emotions~AUTOGRAPHED,11.99
v1|127942222991|0,[ROCK/POP]~EXC LP~JESSE COLIN YOUNG~The Perfect Stranger~{1982~ELEKTRA}~Signed~,14.99
v1|158027627006|0,[ROCK/POP]~EXC 2 DOUBLE LP~SKY~Self Titled~#2~[1980~ARIOLA~Issue]~UK Import,12.99
v1|158027627008|0,[SOUL/LATIN]~VG+ LP~RANDY CARLOS And His ORCHESTRA~Having A Ball~[1958~FIESTA~MO,39.99
v1|158027627010|0,[POP]~EXC LP~FRANKIE LAINE~To Each His Own~[Original 1968~ABC/PARAMOUNT~Issue],8.99
v1|158027627012|0,[ROCK/JAZZ]~EXC LP~LIZ STORY~Speechless~[OG 1988~NOVUS~issue],8.98
v1|158027627014|0,[ROCK/PUNK]~NM 2 DOUBLE LP~ARBOR LABOR UNION~I Hear You~[2016~SUB POP]~PINK VINY,11.99
v1|158027627016|0,[SOUL/R&B]~EXC LP~FATS DOMINO~Blueberry Hill~[1967~PICKWICK~Issue]~STEREO,8.99
v1|158027627018|0,[SOUL/JAZZ]~EXC LP~The 50 GUITARS OF TOMMY GARRETT~Bordertown Bandito~[1964~LIBE,11.00
v1|158027627019|0,[ROCK/POP]~EXC LP~LINDA RONSTADT~Mad Love~{Original 1980~ASYLUM~Issue],8.99
v1|158027627021|0,[ROCK/POP]~NM LP~MY NAME IS JOE~Stories Of Our Cities~{2016~CREAM SPLATER VINYL},14.99
v1|158027627023|0,[COUNTRY/BLUEGRASS]~EXC LP~DALE MORRIS~Fiddlin In The Rockies~1973~Signed by Tad,13.99
v1|158027627030|0,"[ROCK/POP]~VG+ LP~STEPPENWOLF~""7""~[1970~ABC/DUNHILL~Issue]",11.00
v1|127942222932|0,[JAZZ/POP]~EXC LP~DEAN MARTIN~Young && Foolish~[1969~PICKWICK~Issue],8.98
v1|127942222934|0,[MUSICAL/STAGE]~EXC LP~CINDERELLA~Original Cast Recording~[1959~MONO]~UK IMPORT,11.99
v1|127942222935|0,[COUNTRY]~NM LP~DOTTSY~Tryin' To Satisfy You~[OG 1979~RCA~Issue],8.98
v1|127942222936|0,[COUNTRY/POP]~EXC LP~PATTI PAGE~Y'all Come~[Original 1965~MERCURY/WING~Issue],8.99
v1|127942222937|0,[SPOKEN WORD]~EXC LP~DAME EDITH EVANS~Twenty Sonnets Of SHAKESPEARE~As You Like ,11.99
v1|127942222943|0,[COUNTRY]~VG+ LP~LARRY GATLIN~Gatlin's Greatest Hits Volume I~[1978~MONUMENT],8.99
v1|127942222944|0,[ROCK/POP]~EXC LP~BROKEN GOLD~Recovery Journal~[Original 2011~VOLCOM~Issue],11.99
v1|127942222950|0,[COUNTRY]~EXC LP~GEORGE HAMILTON IV~North Country~[1971~RCA/VICTOR~Issue]~Gatefo,9.99
v1|127942222951|0,[ROCK/POP]~EXC LP~VARIOUS ARTISTS~The Best Of '66~Volume One~[Original 1967~COLU,8.99
v1|158027626979|0,[ROCK/FOLK]~EXC LP~DALLAS HOLM~Looking Back~At The Best Of~[1980~GREENTREE~Issue,9.99
v1|158027626985|0,[FOLK/ROCK/POP]~EXC LP~TIM BUCKLEY~Happy Sad~[Original 1969~ELEKTRA~Issue],38.00
v1|158027626986|0,[ROCK/FOLK]~EXC 2 DOUBLE LP~VARIOUS ARTISTS~Bread & Roses~Festival Of Acoustic M,9.99
v1|158027626987|0,[SOUL/JAZZ]~EXC LP~ENOCH LIGHT And The LIGHT BRIGADE~Hit Movie Themes~[1970~PROJ,9.99
v1|158027626996|0,[ROCK/POP]~EXC LP~The GLASS BOTTLE~Self TItled~{Original 1970~AVCO~Issue],9.99
v1|158027627000|0,[SOUL/VOCAL]~EXC LP~The MILLS BROTHERS~Anytime!~[1967~PICKWICK/33 RECORDS~Iss],9.99
v1|158027627003|0,[SOUL/FUNK]~EXC LP~VARIOUS ARTISTS~HISTORY OF RHYTHM & BLUES~Volume 3~1956-57~,9.99
v1|158027627004|0,[JAZZ/POP]~EXC LP~BING CROSBY~My Golden Favorites...~[1961~DECCA~Issue]~MONO~,14.00
v1|358722378405|0,"MASON WILLIAMS ""Phonograph Record"" LP NM/EX 1968 w/ CLASSICAL GAS",13.00
v1|147398157681|0,"Leave a Whisper by Shinedown (Record, 2021)",26.00
v1|336656536644|0,Lester Lanin And His Orchestra - Lester Lanin And His EX/VG+ 1961 Ultrasonic,6.00
v1|800242950313|0,Phil Plotts Specially For You Gospel Music LP RECORD ALBUM,4.99
v1|127942220841|0,[ROCK/POP]~VG+ LP~STYX~Equinox~[Original 1975~A&M~Issue],9.99
v1|127942220846|0,[ROCK/POP]~EXC LP~The SUNSHINE COMPANY~Sunshine & Shadows~{1968~IMPERIAL~Issue],9.99
v1|127942220849|0,[ROCK/POP]~EXC LP~STYX~Pieces Of Eight~[1978~A&M~Issue],11.00
v1|227404063714|0,THE ESTABLISHMENT Original Vinyl Record Album LP King Records Starday KS 1123,14.99
v1|398107597821|0,"Wicked Original Broadway Cast Recording Decca 12"" Black Vinyl LP Record",12.00
v1|800244016206|0,Grand Funk - Shinin' On 1974 Capitol Records Vinyl LP Album SWAE-11278,9.00
v1|358722372611|0,Sax Sational By Boots Randolph Vinyl 33,8.00
v1|377296041458|0,"Hawkwind  AREA S4  Vinyl  12"" EBR   EBT 107  UK  1995  EX/VG",28.00
v1|127942218253|0,[OST]~EXC LP~DOWN AND OUT IN BEVERLY HILLS~Original Soundtrack~[1986~MCA~Issue],8.99
v1|127942218254|0,"[ROCK/POP]~EXC 12""~The TEARDROP EXPLODES~Colours Fly Away~East Of~[1981~UK IMPOR",11.99
v1|127942218255|0,[ROCK/POP]~NM LP~MAIL THE HORSE~Planet Gates~[Original 2015~SEXUAL DECADE~Issue],13.99
v1|127942218256|0,[ROCK/POP]~EXC LP~BEE GEES~Peace Of Mind~[1978~PICKWICK~Issue]~(1960's Sessions),9.99
v1|127942218258|0,"[OST]~EXC LP~""PERFECT""~Original Soundtrack Album~[1985~ARISTA~Issue]",9.99
v1|127942218259|0,[POP]~EXC LP~ROBERT GOULET~My Love Forgive Me~[Orignal 1964~COLUMBIA~Stereo]~,8.98
v1|127942218261|0,[RADIO/SPOKEN]~NM LP~CANADIAN SHORT STORIES~[Margaret Laurence / Andre Langavin],11.99
v1|127942218262|0,[COMEDY~EXC LP~BLASTER BATES~The Explosive Exploits Of~Volume FIVE~5~LIFT OFF~UK,11.99
v1|127942218264|0,[ROCK/POP]~EXC LP~KID GLOVES~Self Titled~[Original 1972~BUDDAH~Issue],9.99
v1|127942218265|0,[RADIO/SPOKEN WORD]~EXC LP~MARK TWAIN~WALTER BRENNAN~BRANDON DE WILDE~Stories Of,11.99
v1|127942218266|0,[ROCK/POP]~EXC LP~BARBRA STREISAND~Barbra Streisand's Greatest Hits~Volume 2~'78,9.99
v1|127942218267|0,[ROCK/POP]~EXC LP~VARIOUS ARTISTS~The GOLDEN SONGS OF THE 50's~Vol. 1~[1967]~WLP,9.99
v1|127942218268|0,[ROCK/POP]~SEALED LP~VARIOUS ARTISTS~CONTINENTAL DRIFT~[2016~SLUMBERLAND~Issue],12.99
v1|127942218270|0,[ROCK/POP]~EXC LP~TEDDY NEELEY~With The NEELY FIVE~Self Titled~[1966~CAPITOL],11.00
v1|127942218271|0,[ROCK/POP]~EXC LP~STEVE GIBBONS BAND~Down In The Bunker~{1978~POLYDOR]~UK Import,11.99
v1|127942218273|0,[RAP/HIP-HOP/DRILL]~SEALED LP~UNKNOWN T~Blood Diamond~[2024~ISLAND]~MARBLED VIN,11.99
v1|158027609749|0,[GOSPEL]~EXC LP~The BRYAN GILBERT GROUP~Travelling With The Lord~[1964]~UK IMP,11.99
v1|158027609759|0,"[ROCK/POP]~NM 12""~HEAVEN 17~Temptation (Dance Mixes)~[2013~L.E.~REISSUE]~EUROPE",14.99
v1|158027609761|0,[ROCK/POP]~EXC LP~BUDDY MERRILL~The Best Of Buddy Merrill And His Guitar~{1970],9.99
v1|158027609762|0,[POP]~EXC LP~PAUL ANKA~Feelings~[Original 1975~PICKWICK~Issue]~CANADA IMPORT~,8.99
v1|158027609764|0,[ROCK/POP]~VG LP~SANTANA~Self Titled~{Original 1969~CBS~Issue]~UK Import~,13.99
v1|158027609765|0,[SOUNDS]~EXC 4 LP~BOX SET~SEARS SILVERTONE ELECTONIC ORGANS~Instant Family Fun~,17.99
v1|158027609766|0,[ROCK/POP]~EXC LP~BIG TROUBLE~Self Titled~{Original 1987~CBS~Issue],24.99
v1|158027609767|0,[ROCK/POP]~EXC 2 DOUBLE LP~VARIOUS ARTISTS~Lost & Found~[1980~DECCA]~UK IMP~MONO,14.99
v1|158027609772|0,[SPOKEN WORD]~EXC LP~RUTH DRAPER~The Art Of~VOL. III~3~A Southern Girl At A Danc,9.99
v1|158027609777|0,[CLASSICALJAZZ]~EXC LP~LESTER LANIN And HIS ORCHESTRA~Self Titled~{1956~EPIC],19.99
v1|158027609778|0,[ROCK/POP]~EXC LP~ROBERT PALMER~Pride~{Original 1983~ISLAND~Issue],12.99
v1|158027609786|0,[RADIO/SPOKEN WORD]~EXC LP~STANLEY HOLLOWAY~His Famous Adventures With Old Sam~,8.99
v1|158027609788|0,[POP]~VG+ LP~The LETTERMEN~Goin' Out Of My Head~[Original 1968~CAPITOL~Issue],8.98
v1|158027609789|0,[ROCK/POP]~EXC LP~ROSIE~Last Dance~[1977~RCA~Issue],11.00
v1|158027609792|0,[ROCK/POP]~MINT LP~MICHELLE BRANCH~The Trouble With Fever~[2022~NONESUCH~Issue],14.99
v1|158027609797|0,[SPOKEN WORD]~EXC 5 LP~The CAMBRIDGE TREASURY OF ENGLISH PROSE~Vols~1-5~COMPLETE,49.99
v1|158027609799|0,[MUSIC/SPOKEN]~EXC LP~Various~The YOUNG MAN FROM BOSTON~[1965]~Tv Special~JFK~,9.99
v1|158027609800|0,[POP]~EXC LP~BARBRA STREISSAND~Streissand's Greatest Hits~[1977~CBS~Issue],8.99
v1|158027609806|0,"[ROCK/POP]~EXC 12""~The MEMBERS~Radio~Dub Version~{1982~GENETIC RECORDS~UK IMPORT",9.99
v1|158027609809|0,[ROCK/POP]~NM LP~TRIPS AND FALLS~The Inevitable Consequences Of Your Stupid Beha,19.99
v1|158027609812|0,[ROCK/POP]~EXC/VG+ LP~HERMAN'S HERMITS~Hold On!~Sound Track~[1966~MGM]~MONO~,9.99
v1|158027609815|0,[ROCK/POP]~EXC LP~ANDY PRATT~Shiver In The Night~[Original 1977~NEMPORER~Issue],8.99
v1|278125934239|0,"Rudolf Serkin/ Bernstein: Beethoven Emperor Concerto, Columbia LP MS-6366 F/VG+",5.00
v1|188561125057|0,Zara Larsson - Midnight Sun (Crystal Clear Vinyl) - POP *NEW/CLEAR*,15.99
v1|158027607808|0,The Rolling Stones - Beggars Banquet • LP 1968 Vinyl • PS 539,29.99
v1|147398150602|0,"Amaryllis by Shinedown (Record, 2021)",22.31
v1|188561120691|0,JUDY CHEEKS * SO IN LOVE ( THE REAL DEAL ) SINGLE LP,14.95
v1|407027594285|0,Jean Pierre Rampal Vinyl Album Bollinger: Suite For Flute & Jazz Piano 1975 CBS,10.00
v1|267709835567|0,Grover Washington Jr Soul Box 2×LP 1973 Box Set Jazz Funk Bob James Prod,55.00
v1|178255786280|0,JUDAS PRIEST : BRITISH STEEL : LP : COLUMBIA JC 36443 : LP ONLY,10.00
v1|127942217094|0,[POP]~EXC LP~ROBIN WILSON~Self Titled~{Original 1968~A&M~Issue],9.99
v1|127942217096|0,[ROCK/POP]~EXC LP~VARIOUS ARTISTS~HOMEGROWN (WKGB)~#4~[1976]~KGB~SAN DIEGO~,11.99
v1|127942217097|0,[ROCK/POP]~EXC LP~VARIOUS ARTISTS~'Teen Scene'~[1970~CSP]~MONO~,9.90
v1|127942217099|0,[ROCK/POP]~EXC LP~REGGIE KNIGHTON~Self Titled~[Original 1977~CBS~Issue],9.99
v1|127942217100|0,[ROCK/POP]~EXC LP~PEARL NECKLACE~(BOYD BROTHERS)~Self Titled~{1989~Self Released,12.00
v1|127942217101|0,[ROCK/POP]~EXC LP~ROBERT VAUGHN And The SHADOWS~Love And War~[1987~ISLAND~Issue],9.99
v1|127942217102|0,[ROCK/POP]~NM LP~JOHN F. BAUER~My Gift.. My Lord~{Original 1980~JFB~Issue],11.99
v1|127942217103|0,[ROCK/POP]~VG+ LP~JERRY SMITH~Ragtime~{Original 1974~RANWOOD~Issue]~PROMO~,8.98
v1|127942217105|0,[GOSPEL]~EXC LP~GUIDO DELLA VECCHIA~These Simple Gifts~Sacred Songs~[1984]~,9.99
v1|127942217106|0,[ROCK/POP]~EXC LP~IAN CUSSICK~Danger In The Air~[Original 1983~A&M~Issue],8.99
v1|127942217109|0,[ROCK/POP]~EXC LP~EYDIE GORME~'Eydie'~Self Titled~{OG 1968~RCA/VICTOR~PROMO],9.99
v1|127942217112|0,[ROCK/POP]~EXC LP~EURYTHMICS~Be Yourself Tonight~[1985~RCA~Issue]~UK IMPORT~,14.99
v1|127942217114|0,[ROCK/POP]~EXC LP~ANDY PRATT~Self Titled~[Original 1973~ABC~Issue],9.99
v1|127942217115|0,[ROCK/POP]~EXC LP~RECKLESS SLEEPERS~Big Boss Sounds~[Original 1988~IRS~Issue],8.99
v1|127942217116|0,[ROCK/POP]~NM LP~DINO KARTSONAKIS~Rise Again~[Original 1979~LIGHT~Issue],8.98
v1|127942217118|0,[ROCK/POP]~VG+/VG LP~The LUNDSTROMS~A Fugitive From God~Blood On The Mountain~74,14.99
v1|127942217119|0,[POP]~EXC LP~BARBRA STREISAND~People~[1967~FIRST RECORD]~TAIWAN PRESSING~,24.99
v1|127942217120|0,[POP]~EXC LP~JOHN GARY~Just For You~{Original 1965~PREMIER~Issue],8.98
v1|127942217121|0,[ROCK/POP]~EXC LP~VARIOUS ARTISTS~MAXWELL~ROCK SAMPLER 'I'~[1979~RCA~COMP],9.99
v1|127942217124|0,[ROCK/POP]~EXC LP~BEARFOOT~Self Titled~{Original 1972~EPIC]~PROMO~,14.99
v1|127942217125|0,[ROCK/POP]~EXC LP~PINK FLOYD~The Final Cut~[1983~CBS]~Carrollton Pressing~,20.00
v1|127942217127|0,[ROCK/POP]~NM LP~GOLD BEARS~Are You Falling In Love?~[2011~SLUMBERLAND~Issue],14.99
v1|127942217130|0,[ROCK/POP]~NM LP~NERDY GIRL~Twist Her~[Original 1996~NO LIFE~Issue],18.99
v1|158027602794|0,[ROCK/POP]~EXC LP~CAPTAIN & TENNILLE~Dream~{Original 1978~A&M~Issue],8.98
v1|158027602815|0,[ROCK/POP]~EXC LP~MICK JAGGER~She's The Boss~[Original 1985~CBS~Issue],8.99
v1|158027602819|0,[ROCK/POP]~EXC LP~ERIC ANDERSEN~Be True To You~{OG 1975~ARISTA~Issue],9.99
v1|158027602820|0,[GOSPEL]~EXC/VG+ LP~VERLIN SANDLES~I'll Be Happy In The Midst Lord~{SIGNED COVER,9.99
v1|158027602830|0,[ROCK/POP]~NM LP~MARK KOZELEK and SEAN YEATON~Yellow Kitchen~[2017~CALDO VERDE],13.99
v1|158027602832|0,[POP]~EXC LP~ROBERT GOULET~Sings Today's Greatest Hits~{Original 1970~CBS~Issue],8.98
v1|158027602835|0,[ROCK/POP]~EXC LP~BUZZY LINHART~The Time To Live Is Now~[1971~KAMA SUTRA~Issue],19.99
v1|158027602837|0,[ROCK/POP]~EXC LP~MURRAY MCLAUCHLAN~Day To Day Dust~{Original 1974~EPIC~Issue],8.98
v1|158027602849|0,[ROCK/POP]~NM LP~FOOL KILLERS~Out Of State Plates~{Original 1988~MAD ROVER~Issue,14.99
v1|158027602857|0,[ROCK/POP]~EXC LP~The HOLLIES~Clarke Hicks Sylvester Calvert Elliott~{1977~EPIC],11.99
v1|158027602860|0,[ROCK/POP]~EXC LP~PAKALAMEREDITH~Self Titled{~{Original 1977~ELEKTRA~Issue],8.98
v1|158027602865|0,"[ROCK/POP]~EXC 12""~CLOCKWORK~Shout It Out~[x4 Mixes]~{1989~MERCURY~Issue]",9.99
v1|158027602866|0,[ROCK/POP]~EXC LP~The MOOD~Passion In Dark Rooms~[Original 1983~RCA~Issue],9.99
v1|158027602880|0,[ROCK/POP]~EXC LP~SCARLET RIVERA~Scarlet Fever~[OG 1978~WARNER BROS~Issue]~PROMO,8.98
v1|158027602893|0,[ROCK/POP]~NM LP~MIKAL CRONIN~MKIII~{Original 2015~MERGE~Issue],11.99
v1|127942216953|0,Frank Ocean Blond Limited Black Friday 2016 Vinyl 2 LP First Press,450.00
v1|407027593119|0,"Three Dog night Captured Live at the Forum 1969 RECORD DUNHILL DS 50068 LP12""VG+",19.99
v1|377296037521|0,Bob Dylan Rough and Rowdy Ways Black Vinyl Record LP Columbia Rock,22.00
v1|147398148578|0,"Blood, Sweat And Tears 3 Vinyl, LP 1970 Columbia – KC 30090",15.00
v1|127942216800|0,[ROCK/POP]~EXC LP~HENRY GROSS~Self Titled~[Original 1973~A&M~Issue],9.99
v1|127942216801|0,NM/EXC LP~JAMES BROWN~The SWANEE QUINTET~Step By Step~{1967~PRESIDENT~UK IMPORT},24.99
v1|147398148578|0,"Blood, Sweat And Tears 3 Vinyl, LP 1970 Columbia – KC 30090",15.00
v1|127942216800|0,[ROCK/POP]~EXC LP~HENRY GROSS~Self Titled~[Original 1973~A&M~Issue],9.99
v1|127942216801|0,NM/EXC LP~JAMES BROWN~The SWANEE QUINTET~Step By Step~{1967~PRESIDENT~UK IMPORT},24.99
v1|127942216804|0,[ROCK/POP]~EXC 2 DOUBLE LP~ROGER WHITTAKER~Golden Tones~[1983~RCA/PAIR]~,8.98
v1|127942216806|0,[ROCK]~NM LP~BLOOD ON THE WALL~Awesomer~[Original 2005~SOCIAL REGIS]~WHITE VINYL,29.99
v1|127942216807|0,[POP]~EXC LP~JOHN GARY~That's The Way It Is~{Original 1969~RCA~Issue],8.98
v1|158027600391|0,[ROCK/POP]~EXC LP~The ROWANS~Jubiliation~[Original 1977~ASYLUM~Issue]~WLP PROMO~,8.98
v1|158027600392|0,[ROCK/POP]~EXC LP~BILL HALEY And The COMETS~Golden Greats~[1981~EVEREST~COMPILAT,9.99
v1|158027600393|0,[ROCK/POP]~NM LP~SUPERHUMAN HAPPINESS~Hands~{2013~ROYAL POTATO FAMILY~Issue],22.99
v1|158027600394|0,[POP]~EXC LP~ROGER WILLIAMS~Greatest Hits~[Original 1961~KAPP~STEREO~Issue],8.98
v1|158027600396|0,[ROCK/POP]~EXC LP~JIM MANDELL~No More Illusions~{OG 1982~ELEKTRA~WLP~PROMO~Iss],8.98
v1|158027600397|0,[POP]~EXC LP~NORM GOLDEN~At The Organ~33 Organ Favorites~[1968~DIPLOMAT],9.99
v1|127942216792|0,[ROCK/POP]~EXC LP~LAVENDER HILL MOB~Street Of Dreams~[Original 1977~UNITED ARTIS,9.99
v1|127942216793|0,[ROCK/POP]~EXC LP~The HOLLIES~A Crazy Steal~[1980~EPIC~BLUE LABEL~Reissue],9.99
v1|127942216795|0,[ROCK/POP]~VG+/EXC LP~STONED HAIR~Sounds Like Woodstock~[1970~PREMIERE~Issue],11.99
v1|127942216797|0,[ROCK]~EXC LP~The STROLLERS~Five Cats Down~Boppin And Strollin~[1981]~UK~SIGNED,35.00
v1|127942216798|0,[ROCK/POP]~VG+ LP~JIMMY FRANK~Such A Pity~{1980 ARIOLA Advance Promo],11.99
v1|158027600382|0,[ROCK/POP]~EXC LP~EP~RONNIE HENSON~Self Titled ~[1998 Motown Promo]~,8.98
v1|158027600383|0,[ROCK/POP]~EXC LP~The SALAAM TEMPLE STRING BAND~Happy Music Of~[1972~HMR]~,9.99
v1|158027600384|0,[ROCK/POP]~EXC LP~VINCENT EDWARDS~Sings~[1962~DECCA~Issue]~MONO~,11.00
v1|158027600386|0,[ROCK/POP]~EXC LP~STEVE HARLEY & COCKNEY REBEL~A Closer Look~{1975~EMI~Issue],11.99
v1|158027600387|0,[POP]~EXC LP~JOHN GARY~Love Of A Gentle Woman~{Original 1969~RCA~Issue],8.98
v1|158027600388|0,[ROCK/POP]~NM 2 DOUBLE LP~KEATH BARRIE~Barrie's Beautiful Best~[1981~KABA]~CANAD,8.99
v1|158027600390|0,[ROCK/POP]~EXC LP~KENNY RANKIN~Inside~[Original 1975~LITTLE DAVID~Issue],9.99
v1|127942216773|0,[POP]~EXC LP~JOHN GARY~The New Singing Sensation~{Original 1965~SPIN-O-RAMA~Iss],8.98
v1|127942216777|0,[ROCK/POP]~EXC LP~MARK DARLING~Made For Your Heart~[Original 1979~STONE OAK~Issu,9.99
v1|127942216778|0,[ROCK/PUNK]~EXC LP~SLAUGHTER AND THE DOGS~Live At The Factory~[1981~THRUSH]~UK,34.99
v1|127942216781|0,[ROCK/POP]~EXC LP~CHER~Foxy Lady~[Original 1972~KAPP~Issue],9.99
v1|127942216782|0,[ROCK/POP]~EXC LP~SYNERGY~Sequencer~{Original 1976~PASSPORT~Issue],11.99
v1|127942216783|0,[ROCK/POP]~EXC LP~The VOGUES~Memories~[Original 1969~REPRISE~Issue],12.00
v1|127942216784|0,[ROCK/POP]~EXC LP~The YOUNGBLOODS~Rock Festival~[1970~WARNER BROS]~PROMO~,17.00
v1|127942216785|0,[ROCK/POP]~EXC LP~JOHN ROWLES~Sings Cheryl Moana Marie~{OG 1970~KAPP~Issue],8.98
v1|127942216789|0,[POP]~EXC LP~BING CROSBY~Seasons~The Closing Chapter~[OG 1977~CBS~Issue],8.99
v1|158027600347|0,[ROCK/POP]~NM LP~JOHN F. BAUER~Moments...~[Original 1981~JFB~Issue],14.99
v1|158027600350|0,[ROCK/POP]~EXC LP~The RIPOFFS~Play A Golden Age Of Rock 'N' Roll~{1972}~UK Impor,11.99
v1|158027600351|0,[ROCK/POP]~EXC LP~C.B. VICTORIA~Dawning Day~[Original 1976~JANUS~Issue],9.99
v1|158027600354|0,[ROCK/POP]~EXC LP~TIM MOORE~White Shadows~[Original 1977~ASYLUM~Issue],8.99
v1|158027600355|0,[ROCK/POP]~EXC LP~MANNHEIM STEAMROLLER~Fresh Aire 4~{1981~GRAMMAPHONE~Issue],13.99
v1|158027600363|0,[ROCK/POP]~EXC/VG+ LP~JOHNNY RIVERS~Self Titled~{Original 1966~PICKWICK~Issue],8.99
v1|158027600379|0,[ROCK/POP]~EXC LP~The AMAZING RHYTHM ACES~Self Titled~[1979~ABC~Issue]~UK IMPORT,11.99
v1|158027600380|0,[ROCK/POP]~EXC LP~The YOUNGBLOODS~Elephant Mountain~[1969~RCA~Issue],14.00
v1|318504954569|0,Franki Valli Lady Put The Light Out Vinyl LP Record PS 7002 Private Stock ,8.99
v1|178255782650|0,Final Fantasy 25th Aniv. Vinyls Vinyl LP Collection Box Game Music Nobuo Uematsu,1200.00
v1|358722364501|0,"Vintage 1977 LP; Dr. John- ""Hollywood Be Thy Name"" (good+/Fair) VINYL",8.00
v1|236898790335|0,The Supremes:  The Happening / All I Know About You .. 45 RPM 11696,4.00
v1|147398148273|0,"Attention Attention by Shinedown (Record, 2018)",99.99
v1|198453436046|0,Vintage Mills Brothers Such Sweet Singing Vocalion Stereo Vinyl LP Record Jazz,8.99
v1|127942216344|0,"[ROCK/POP]~EXC LP~""SOUNDS 70"" ORCHESTRA~Bridge Over Trouble Water~[1971]~UK~",11.99
v1|127942216345|0,[ROCK/POP]~NM LP~ED KILBOURNE~Play It Again~[Original 1980~AIRBORN~Issue],11.99
v1|127942216346|0,[ROCK/POP]~EXC LP~The PRETENDERS~Pretenders~Self Titled~[1980~WEA]~GERMAN IMPORT,16.00
v1|127942216347|0,[ROCK/POP]~EXC LP~MARTI JONES~Match Game~[Original 1986~A&M~Issue],8.99
v1|127942216348|0,[ROCK/POP]~EXC LP~AMERICAN TEARS~Branded Bad~{Original 1974~CBS~PROMO~Issue],14.99
v1|127942216351|0,[ROCK/POP]~NM LP~EUX AUTRES~Broken Bow~[Original 2010~BONS MOTS~Issue],14.99
v1|127942216352|0,[ROCK/POP]~EXC LP~DUROCS~Self Titled~[Original 1979~CAPITOL~Issue],8.98
v1|127942216353|0,[ROCK/POP]~EXC LP~The LETTERMEN~Once Upon A Time~[Original 1962~CAPITOL~STEREO],9.99
v1|127942216354|0,[ROCK/POP]~EXC LP~LOGGINS And MESSINA~Native Sons~[OG 1976~CBS~Issue],8.98
v1|127942216355|0,[POP/COMEDY]~EXC LP~SPIKE MILLIGAN~Unspun Socks~[Original 1982~RIDEDROP]~UK IMPO,11.99
v1|127942216356|0,[ROCK/POP]~EXC LP~DENNIS YOST~Going Through The Motions~{OG 1981~ROBOX~Issue],8.98
v1|127942216357|0,"[ROCK/POP]~EXC 12""~The MEMBERS~Offshore Banking Business~Solitary Confinement~UK",11.99
v1|127942216359|0,[ROCK/POP]~EXC LP~The HOLLIES~What Goes Around~[Original 1983~ATLANTIC~Issue],9.99
v1|127942216360|0,[ROCK/POP]~EXC LP~ALASKA~The Pack~[Original 1985~BRONZE/ISLAND~Issue],11.99
v1|127942216361|0,[ROCK/POP]~EXC LP~ALBERT HAMMOND~The Free Electric Band~[1973~MUMS~Issue],11.99
v1|127942216362|0,[ROCK/POP]~EXC LP~VIC DANA~Warm And Wild~{Original 1962~DOLTON~MONO~Issue]~,11.99
v1|127942216363|0,[ROCK/POP]~EXC LP~BOBBY HELMS~Pop-A-Billy (Unreleased Recordings)~{1983~MCA~Iss],11.99
v1|158027598845|0,[ROCK/POP]~EXC LP~NOEL PAUL STOOKEY~BODYWORKS~State Of The Heart~{1985~NEWPAX],9.99
v1|158027598846|0,[ROCK/POP]~EXC LP~DIDI STEWART~Begin Here~[Original 1982~KUSHNER~Issue],9.99
v1|158027598849|0,[ROCK/POP]~EXC LP~TOM ROBINSON~TRB~Hope And Glory~[1984~GERMAN IMPORT]~,8.98
v1|158027598850|0,"[ROCK/POP]~EXC 2 DOUBLE LP~SKY~""5""~Five~[1983~ARIOLA~Issue]~GERMANY Import~",12.99
v1|158027598851|0,[ROCK/POP]~EXC 2 DOUBLE LP~NIGHT HORSE~Perdition Hymns~[OG 2010~TEE PEE~Issue],14.99
v1|158027598852|0,[ROCK/POP]~EXC LP~SPANDAU BALLET~Journeys To Glory~[1981~CHRYSALIS]~UK IMPORT~,11.99
v1|158027598853|0,[ROCK/POP]~EXC LP~BOBBY VINTON~Encore~{Original 1979~TAPESTRY~Issue],8.98
v1|158027598855|0,[ROCK/POP]~EXC/VG+ LP~RAY STEVENS~Turn Your Radio On~[Original 1972~BARNABY~Issu,8.98
v1|158027598856|0,"[ROCK/POP]~EXC LP~SKY~""Cadmium...""~[1983~ARIOLA~Issue]~GERMANY Import~",11.99
v1|158027598857|0,[COMEDY]~EXC LP~BLASTER BATES~The Explosive Exploits Of~Volume SIX~GELLY BABE~UK,11.99
v1|158027598858|0,[ROCK/POP]~NM LP~FACTORY STAR~Enter Castle Perilious~[2011~OCCULTATION]~UK IMPOR,19.99
v1|158027598860|0,[ROCK/POP]~EXC LP~CHARELIE COUTURE~Quoi Faire?~[1982~ISLAND~Issue]~FRANCE Import,11.99
v1|158027598861|0,"[ROCK/POP]~EXC 12""~HOWARD HUGHES~Paleface~Big Badge~Beat Girl~[1988~E'G]~UK IMPO",11.99
v1|158027598863|0,[ROCK/POP]~EXC LP~CHARLIE~Lines~[Original 1978~JANUS~Issue],9.99
v1|158027598872|0,[ROCK/POP]~EXC LP~JENNIFER WARNES~Self Titled~[Original 1976~ARISTA~Issue],9.99
v1|127942216265|0,[POP]~EXC LP~DON ESTELLE~With A Song In My Heart~[1982~LOFTY]~UK Import~Signed C,12.99
v1|127942216266|0,[POP]~EXC LP~PIA ZADORA~I Am What I Am~[1986~CBS~Issue],9.99
v1|127942216267|0,[OST]~EXC LP~The BUCCANEER~Original Soundtrack~Elmer Bernstein~[1979~CBS~Issue],9.99
v1|127942216269|0,[ROCK/POP]~EXC LP~SUTHERLAND BROTHERS & QUIVER~Reach For The Sky~{1975]~UK Impor,11.99
v1|127942216272|0,[ROCK/POP]~EXC LP~NICOLETTE LARSON~Radioland~[Original 1980~WARNER/RCA CLUB ED.],8.99
v1|127942216273|0,[POP]~EXC LP~PATTI PAGE~Honey Come Back~[Original 1970~COLUMBIA~Issue],8.98
v1|127942216275|0,[ROCK/POP]~EXC LP~LEN BARRY~Ups And Downs~[Original 1972~BUDDAH~Issue],11.99
v1|127942216276|0,[ROCK/POP]~EXC LP~The BONGOS~Drums Along The Hudson~[1982~PVC]~AUTOGRAPHED INNER,39.99
v1|127942216277|0,[POP]~EXC LP~KEN GRIFFIN~Great Organ Favorites~[Original 1971~HARMONY~Issue],9.99
v1|127942216278|0,[ROCK/POP]~EXC LP~TOM JONES~Live!~At The Talk Of The Town~{1967~PARROT~Issue},9.99
v1|127942216280|0,[ROCK/PUNK]~NM LP~BELLAFEA~Cavalcade~{2008~SOUTHERN RECORDS}~[CLEAR VINYL],19.99
v1|127942216282|0,[ROCK/POP]~EXC LP~RAFAEL~Saviour Of Men~[1982~SUSATAC~Issue]~[Autographed]~,39.99
v1|127942216283|0,[ROCK/POP]~EXC LP~LIVINGSTON TAYLOR~An Invterview With~Inter-Chords Presents,18.99
v1|127942216284|0,[POP]~EXC LP~BARBRA STREISSAND~Superman~[1977~CBS~Issue],8.99
v1|127942216286|0,[ROCK/POP]~EXC LP~STEVE WINWOOD~Chronicles~{Original 1987~ISLAND}~Compilation,15.00
v1|127942216287|0,[ROCK/POP]~VG+ LP~TRAFFIC~Self Titled~[Original 1968~UNITED ARTISTS~CLUB EDITION,19.00
v1|127942216288|0,[ROCK/POP]~EXC LP~VARIOUS ARTISTS~CHOICE CUTS~UNIVERSAL~RECORD STORE DAY~[2008],8.98
v1|127942216289|0,[ROCK/POP]~EXC LP~GALLAGHER & LYLE~Showdown~{Original 1978~A&M~Issue],8.99
v1|127942216290|0,[ROCK/POP]~EXC LP~STEPHEN STILLS~Right By You~[1984~ATLANTIC~Issue],9.99
v1|127942216291|0,[ROCK/POP]~EXC LP~BOBBY VINTON~Melodies Of Love~{Original 1974~ABC~Issue],11.99
v1|127942216292|0,[RADIO/SPOKEN WORD]~EXC LP~THE GAME OF LIFE~Jarrell McCracken~[1970~WORD~Issue],8.99
v1|127942216293|0,[ROCK/POP]~VG+ LP~VARIOUS~Time To Get It Together~[1969~CREATIVE PRODUCTS]~COMP,9.99
v1|127942216294|0,[ROCK/POP]~NM LP~MOOD RINGS~VPI Harmony~[Original 2013~MEXICAN SUMMER~Issue],12.99
v1|127942216295|0,[POP/DANCE]~EXC LP~EP~JOEL CORRY~Four For the Floor~[2021~ASYLUM]~UK IMPORT,11.99
v1|127942216296|0,[POP]~EXC LP~PERRY COMO~Sings Just For You~[Original 1958~RCA~CAMDEN~MONO~Issue],8.98
v1|127942216297|0,[ROCK/POP]~EXC 2 DOUBLE LP~The SANDPIPERS~Foursider~[1973~A&M~Issue],11.00
v1|127942216298|0,[RADIO/SPOKEN WORD]~EXC/VG+ 2 DOUBLE LP~FRANK GARLOCK~The Big Beat~A Rock Blast~,14.99
v1|127942216299|0,"[RADIO/SPOKEN WORD]~EXC LP~ROSES~[KENNETH FORD]~A Symposium of Poetry, Music And",11.99
v1|127942216300|0,[ROCK/POP]~EXC 2 DOUBLE LP~CURIOSITY KILLED THE CAT~Keep Your DIstance+Misfit~UK,11.99
v1|127942216301|0,[ROCK/POP]~EXC LP~HOOKFOOT~Roaring~[1973~A&M~Issue]~WLP~WHITE LABEL PROMO~,14.99
v1|127942216302|0,[ROCK/POP]~NM LP~GARY HEFFERN~Bald Tires In The Rain~{1990~NOCTURNAL~Issue]~,14.99
v1|127942216303|0,[ROCK/BLUES]~EXC LP~SIEGEL-SCHWALL~The Reunion Concert~{1988~ALLIGATOR~Issue],11.00
v1|127942216304|0,[ROCK/POP]~EXC LP~JACKSON BROWNE~Hold Out~{Original 1980~ELEKTRA~Issue],8.98
v1|127942216305|0,[SPOKEN WORD]~EXC LP~ROBERT DONAT~DAME EDITH EVANS~Practical Cats~Shakespeare: T,9.99
v1|127942216307|0,[ROCK/POP]~EXC LP~BETTY LOU MILLS~Countrystyle~{1976~SOUND III~Issue],13.99
v1|127942216308|0,"[POP]~EXC LP/EP~BARRY MANILOW~Oh, Julie!~{Original 1982~ARISTA~Issue]",8.98
v1|127942216309|0,[ROCK/POP]~EXC LP~HAPPY.~Cult Classic~[Original 2018~RUDE]~SILVER VINYL~,26.00
v1|127942216312|0,[ROCK/POP]~EXC LP~JOHN HALL~Self Titled~{Original 1978~ASYLUM~Issue],7.98
v1|127942216314|0,[ROCK/POP]~NM LP~MERI D. MARSHALL~My Obsession~{Original 1985~ATLANTIC]~PROMO~,19.99
v1|127942216316|0,[POP]~VG+ LP~HARRY SECOMB~This Is~Vol. 2~Romantic Songs Of Love~[1971~PHILIPS~UK,9.99
v1|127942216318|0,[ROCK/POP]~EXC LP~CARRIE THOMPSON~Self Titled~[Original 1980~ROLLING BAY~Issue],11.99
v1|127942216319|0,[ROCK/POP]~EXC LP~DEAF SCHOOL~2nd Honeymoon~{OG 1976~WARNER BROS~UK IMPORT],8.98
v1|127942216320|0,[RADIO/SPOKEN WORD]~EXC LP~MEL DIBBLE~Unshackled: The Dramatized Story Of The Ma,14.99
v1|127942216322|0,[ROCK/POP]~EXC LP~HAPPY.~Imposter Syndrome~[2020~RUDE]~RED/BLACK SPLATTER VINYL,25.00
v1|127942216323|0,[ROCK/POP]~EXC LP~SPOOKY TOOTH~PIERRE HENRY~Ceremony~[1969~ISLAND]~ITALY IMPORT~,38.00
v1|127942216324|0,[ROCK/POP]~EXC LP~CHRIS DEBURGH~Crusader~{Original 1979~A&M~CANADA IMPORT~Issue],11.99
v1|127942216325|0,[ROCK/SYNTH-POP]~EXC LP~TAKK~Mirrored Image~[1987 FORTRESS~Issue],14.00
v1|127942216326|0,[ROCK/POP]~EXC LP~STRAY CATS~Built For Speed~{1982~EMI~Issue],14.00
v1|127942216327|0,[POP]~SEALED LP~AMERICA SINGS FOR OUR 200th BIRTHDAY~[1975~CBS~Bicentennial~COMP,11.99
v1|127942216328|0,[ROCK/POP]~EXC LP~SOUTHSIDE JOHNNY & The ASBURY JUKES~I Don't Want To Go Home,8.99
v1|127942216330|0,"{OST}~EXC LP~""MUTINY ON THE BOUNTY""~And Other Motion Picture Selections~[V/A~'",11.99
v1|127942216331|0,[ROCK/POP]~VG+ LP~The STEVE MILLER BAND~Sailor~[Original 1968~CAPITOL~Issue],14.00
v1|127942216333|0,[ROCK/POP]~EXC LP~The STEVE MILLER BAND~Book Of Dreams~{1977~MERCURY}~UK Import~,11.99
v1|127942216335|0,[ROCK/POP]~EXC LP~ROBIN LANE & The CHARTBUSTERS~Imitation Life~[1981~WARNER BROS,8.99
v1|127942216336|0,[ROCK/POP]~EXC LP~JOHN TRAVOLTA~Sandy~[1978~MIDSONG]~UK Import~W/ POSTER,14.99
v1|127942216338|0,[ROCK/POP]~NM LP~MIKE ROBBINS~Long Time Comin'~[Original 1977 AVI Issue]~,8.98
v1|127942216339|0,[POP]~EXC/VG+ LP~LULU~Self Titled~[Original 1981~ALFA~Issue],9.99
v1|127942216341|0,[SPOKEN WORD]~EXC LP~JOHN FITZGERALD KENNEDY~A Memorial Album~[1963~PREMIER~Iss],8.96
v1|158027598704|0,[ROCK/POP]~EXC LP~ZZ TOP~The Best of ZZ Top~[1977~LONDON~Issue],14.00
v1|158027598705|0,[ROCK/POP]~EXC LP~GARY S. PAXTON~Some 'Of'~The Best Of~[1980~NEWPAX~Issue],9.99
v1|158027598713|0,[ROCK/POP]~EXC LP~YACHTS~S.O.S.~[1979~POLYDOR~Issue],12.00
v1|158027598725|0,[ROCK/POP]~VG+ LP~WHAM!~Make It Big~[1984~EPIC~Issue]~HOLLAND IMPORT,24.00
v1|158027598773|0,[ROCK/POP]~VG+ LP~TOM JONES~It's Not Unusual~[Original 1965~PARROT~Issue],8.99
v1|158027598774|0,[ROCK/POP]~EXC/VG+ LP~The EARL SLICK BAND~Razor Sharp~[Original 1976~CAPITOL~Iss,8.99
v1|158027598782|0,[ROCK/POP]~EXC LP~REBA RAMBO~The Prodigal...According To Reba~[1979~GREENTREE]~,9.99
v1|158027598783|0,[ROCK/POP]~EXC/VG+ LP~ART GARFUNKEL~Angel Clare~[1973~CBS]~UK Import~w/ Poster,11.99
v1|158027598784|0,[CHILDREN/KIDDIE BREAKS]~EXC LP~LEARNING CAN BE FUN~BICYCLE BUILT FOR 2~Bubble G,11.99
v1|158027598785|0,[ROCK/POP]~SEALED LP~BASIC PLUMBING~Keeping Up Appearances~{2020~BP}~UK IMPORT~,14.99
v1|158027598786|0,[POP]~EXC/VG+ LP~ROGER WILLIAMS~Songs Of The Soaring '60s~[1961~KAPP~STEREO],8.98
v1|158027598787|0,"[ROCK/POP]~EXC LP~SKY~""4""~Forthcoming~[1982~ARIOLA~Issue]~UK Import",11.99
v1|158027598788|0,[POP]~EXC LP~VIC DANA~Red Roses For A Blue Lady~[1965~DOLTON~Issue]~MONO,14.00
v1|158027598789|0,[ROCK/POP]~EXC LP~STYX~Styx II~[Original 1973~WOODEN NICKEL~Issue],15.00
v1|158027598790|0,[ROCK/POP]~EXC LP~The STEVE MILLER BAND~Live!~[1983~CAPITOL~Issue]~,19.99
v1|158027598791|0,[ROCK/POP]~NM LP~KEATH BARRIE~...But We Can Dream~[1984~KABA~Iss]~CANADA IMPORT,14.99
v1|158027598792|0,[ROCK/POP]~EXC LP~TOM & JERRY~Surfin' Hootenanny and 11 Other Favorites~[,32.00
v1|158027598793|0,[POP]~VG+ LP~JOHN GARY~Sings Your All Time Favorite Songs~[Original 1965~RCA~Iss,8.98
v1|158027598794|0,[ROCK/POP]~EXC LP~VARIOUS ARTISTS~ELEKTRA/ASYLUM~Fall 1974 Releases~{1974~WLP PR,13.99
v1|158027598795|0,[SPOKEN WORD]~EXC LP~RUTH DRAPER~The Art Of~VOL. 1~Italian Lesson~3 Generations~,9.99
v1|158027598796|0,[ROCK/POP]~EXC LP~MASON WILLIAMS~The Mason Williams Ear Show~{1968~WARNER BROS},9.99
v1|158027598797|0,[POP]~EXC LP~VAL DOONICAN~Especially For You~[1974~CONTOUR~Issue]~UK IMPORT,11.99
v1|158027598798|0,[ROCK/POP]~NM LP~GOLDEN GRRRLS~Self Titled~[Original 2013~NIGHT SCHOOL~Issue]~UK,13.99
v1|158027598799|0,[ROCK/POP]~VG LP~SANTANA~Santana III~[1971~CBS~ISsue],11.00
v1|158027598800|0,[ROCK/POP]~EXC LP~JANIS IAN~Aftertones~{Original 1975~CBS~Issue]~CANADA IMPORT~,9.99
v1|158027598802|0,[ROCK/POP]~EXC LP~JOHN HURLEY~Delivers One More Hallelujah~{OG 1972~BELL~PROMO]~,8.98
v1|158027598803|0,[ROCK/POP]~EXC LP~TERRI GIBBS~Somebody's Knockin'~[Original 1980~MCA~Issue],8.99
v1|158027598804|0,[POP/XMAS]~EXC LP~VIC DANA~Sings~Little Altar Boy And Other Christmas Songs~1966,14.00
v1|158027598805|0,[GOSPEL]~VG+ LP~JIMMY SWAGGART~Sometimes Alleluia~[Original 1979~JIM~Issue],8.99
v1|158027598806|0,[ROCK/POP]~SEALED LP~PERFECT SON~Cast~[2019~SUB POP~Issue]~YELLOW~WHITE SPLATTER,14.99
v1|158027598807|0,[ROCK/PUNK]~NM LP~GLOO~How Not To be Happy~[2021~HASSLE]~YELLOW MARBLED VINYL~,14.99
v1|158027598809|0,[ROCK/POP]~EXC LP~The HOLLIES~A Crazy Steal~{Original 1977~CBS~Issue]~CANADA IMP,8.99
v1|158027598810|0,[ROCK/CELTIC]~EXC LP~NA CABARFEIDH (RARE AIR)~'Rare Air'~[1982~SWDT~CANADA]~,18.99
v1|158027598811|0,[ROCK/POP]~EXC LP~The MOVIES~Self Titled~[Original 1976~ARISTA~Issue]~WLP~PROMO,8.99
v1|158027598812|0,[POP]~EXC LP~JOHN GARY~The Nearness Of You~{Original 1965~RCA~Issue],8.98
v1|158027598813|0,[POP]~VG+ LP~VIC DANA~Golden Greats~{Original 1966~DOLTON~Issue]~MONO~,11.00
v1|158027598814|0,[ROCK/POP]~[VARIOUS ARTISTS]~NM LP~MEMORIES ARE MADE OF THESE~[1964~CAPITOL COMP,8.98
v1|158027598815|0,[ROCK/POP]~EXC LP~ARLAN DAY~I Surrender~[Original 1981~PASHA~Issue],9.99
v1|158027598816|0,[ROCK/POP]~NM LP~The BALLET~I Blame Society~{2013~FORTUNA POP!~Issue]~UK IMPORT~,14.99
v1|158027598817|0,[ROCK/POP]~EXC LP~MARK-ALMOND~Mark-Almond II~[1974~ABC/BLUE THMB~Issue],8.98
v1|158027598818|0,[ROCK/POP]~SEALED LP~J.P. RACER~Coming At Ya~[Obscure 70's Rock]~WIZARD Label~,9.99
v1|158027598821|0,[ROCK/POP]~EXC LP~TERRI RICE~Self Titled~{Original 1986~21/ATCO~Issue]~,11.99
v1|158027598823|0,[ROCK/POP]~EXC LP~MURARI BAND~Dreaming~{Original 1982~DESIRE TREE~Issue]~,11.99
v1|158027598824|0,[ROCK/POP]~EXC LP~SEATRAIN~Self Titled~{1970~CAPITOL~Issue},15.00
v1|158027598826|0,[ROCK/POP]~EXC LP~JESSE COLIN YOUNG~Light Shine~[Original 1974~WARNER BROS~Issue,8.99
v1|158027598827|0,[ROCK/POP]~EXC LP~SUPERTRAMP~Breakfast In America~[1979~A&M~Issue],24.00
v1|158027598828|0,[ROCK/POP]~EXC LP~SUPERTRAMP~Crime Of The Century~{Original 1974~A&M~Issue],22.00
v1|158027598832|0,[POP]~EXC LP~TEDDY TANAKA~Mr. Happiness~[1972~TANN~Reissue],28.00
v1|158027598833|0,[OST]~EXC LP~The APPLE TREE~Original Soundtrack~JERRY BROCK~[1966~WLP PROMO~MONO,8.99
v1|158027598834|0,[ROCK/POP]~SEALED LP~EVANS THE DEATH~Vanilla~[2016~FORTUNA POP!~Issue]~UK IMPORT,14.99
v1|158027598835|0,[BLUES]~[VARIOUS]~VG+ LP~Bawdy Blues~[1962~PRESTIGE~MONO]~Memphis Slim~etc~[RVG],29.99
v1|158027598837|0,[ROCK/POP]~EXC LP~RACING CARS~Bring On The Night~{OG 1978~CHRYSALIS~Issue],8.99
v1|158027598838|0,[ROCK/POP]~EXC LP~TOM BRESH~Portrait~{1977~ABC~Issue}~SIGNED / AUTOGRAPHED,28.00
v1|158027598841|0,[ROCK/POP]~EXC LP~The EVERLY BROTHERS~Living Legends~24 Golden Greats~{1972~UK],11.99
v1|158027598842|0,[POP]~EXC LP~CHUCK MILLER~Now Her This!~Songs Of The Fighting 40's~[1959~IMPERIA,12.99
v1|158027598843|0,[ROCK/POP]~NM LP~CHRIS RAWLINGS~Self Titled~{Original 1977~RADIO CANANDA]~Issue,14.99
v1|127942216264|0,[ROCK/POP]~EXC LP~CHRISTY MCCOOL~Lovelier Than The Queen Of England~[1990~DOCTOR,14.99
v1|158027598481|0,The Pussycat Dolls - PCD - Marble Colored Vinyl [Used Very Good Vinyl LP] Colore,39.48
v1|158027598485|0,The Apartments - That's What The Music Is For [Used Very Good Vinyl LP] Australi,46.22
v1|158027598486|0,Assa'D Khoury - Electronic Touches Belly Dance [Used Very Good Vinyl LP],31.62
v1|168492580246|0,Catherine Russell - Live at Jazz At Lincoln Center [Used Very Good Vinyl LP],29.78
v1|168492580249|0,The Audreys - Ruin & Repair [Used Very Good Vinyl LP] Australia - Import,48.09
v1|188561112797|0,Natty Bo & the Top Cats - Brixtown Special [Used Very Good Vinyl LP] Colored Vin,24.32
v1|117268956066|0,George Harrison ‎S/T Dark Horse Records ‎–DHK 3255 -LP Only,5.00
v1|257587341226|0,ashita no joe / tomorrow's joe / vinyI / ORF-5006 / LP Anime OST EX,34.99
v1|137453583560|0,THE VENTURES’ CHRISTMAS ALBUM 1965 LP LIBERTY REISSUED PRINT VINTAGE VINYL ,34.99
v1|236898789843|0,"ENGELBERT HUMPERDINCK Release Me POP LP Vinyl Record 12""",4.95
v1|318504952996|0,"Lot Of 4 Manly P. Hall The Spirit of Zen 10"" LP 33 RPM Colored Vinyl Spoken Word",200.00
v1|366504033782|0,80s rock 6 vinyl lot,115.00
v1|257587341140|0,SARAH VAUGHAN Hi Fi LP Emarcy Records Original DG AUTOGRAPHED Julian Adderley ,199.99
v1|188560150097|0,Henry and Bunny Reid My Tribute Gospel Music LP RECORD ALBUM,4.99
v1|278125924369|0,Ten Years After - Ssssh 1969 USA Gatefold Orig. Vinyl LP VG/VG+,5.99
v1|127942215094|0,Dave Clark Five: I Like It Like That LP EPIC (1965 Stereo) 60s Rock,5.00
v1|358722362966|0,Linda Does A Beautiful Tribute To The Standards This Ultrasonically Cleaned Lp,7.25
v1|178255781155|0,The Best of '66 Volume One LP Mono Record on Columbia Records TB 1,7.86
v1|127942214309|0,[MUSICAL/STAGE]~EXC 3 LP~BOX SET~The CHERRY ORCHARD~[Play]~ANTON CHEKHOV~[1966~C,13.99
v1|127942214311|0,[MUSICAL/STAGE]~EXC LP~FIDDLER ON THE ROOF~Andrew Foldi~[Concert Vers.]~1972~UK,11.99
v1|158027597106|0,[MUSICAL/STAGE]~EXC LP~FIDDLER ON THE ROOF~Topol~[Original London Cast]~1975~UK~,11.99
v1|158027597107|0,[MUSICAL/STAGE/SPOKEN WORD]~EXC LP~WE WERE HAPPY THERE~Various~[1969~DECCA~Issue,9.99
v1|127942214307|0,[MUSICAL/STAGE]~EXC/VG+ LP~FLOWER DRUM SONG~Carl Steinhardt~[1959]~MARBLED VINYL,29.99
v1|366504032894|0,Arthur Fiedler Boston Pops Varieties 9x Vinyl LP Box Set + Book Readers Digest,21.75
v1|227404058066|0,Berlin Pleasure Victim LP 1982 Mercury 6302 236 Vinyl Record,14.95
v1|178255780257|0,"The Rolling Stones , Get Yer Ya-Ya's Out, 1970 London LP Only",5.00
v1|178255780204|0,Roy Clark - Classic Clark - Abc Dot - DOSD-2010 - LP 968935183,6.00
v1|168492575822|0,Strictly Break Records Jay-Z The Jigga Collection 2LP Vinyl - Extremely rare,100.00
v1|127942213914|0,[FOLK/ROCK]~EXC LP~DENNIS LITCHFIELD~Stagecoach~[1978~RAINBOW]~Signed Cover,11.99
v1|127942213915|0,[ROCK/FOLK]~EXC LP~STEELEYE SPAN~Rocket Cottage~[1978~CHRYSALIS~Issue]~UK Import,19.99
v1|127942213916|0,[FOLK/ROCK/POP]~EXC LP~SIMON & GARFUNKEL~Greatest Hits~[1979~CBS~Reissue],14.00
v1|127942213917|0,[FOLK/POP]~EXC LP~TOM PAXTON~The Things I Notice Now~[1969~ELEKTRA~Issue],10.00
v1|127942213918|0,[FOLK/POP]~EXC LP~JIMMIE RODGERS~Honeycomb~[1973~REDIFFUSION~Issue]~UK Import,11.99
v1|158027596585|0,[FOLK/POP]~EXC LP~TOM PAXTON~Morning Again~[1967~ELEKTRA~Issue]~STEREO,9.99
v1|158027596587|0,[FOLK/POP]~EXC LP~PRELUDE~Back Into The Light~{Original 1976~PYE~Issue]~,9.99
v1|158027596588|0,"[FOLK/ROCK]~EXC LP~RALPH MCTELL~You, Well-Meaning, Brought Me Here~[1971]~UK IMP",11.99
v1|158027596589|0,[FOLK]~EXC LP~JUDY COLLINS~Running For My Life~{OG 1980~ELEKTRA~Issue]~,7.98
v1|127942213901|0,[ROCK/FOLK]~EXC LP~RAYMOND FROGGATT~The Voice And Writing Of~[1969~POLYDOR]~UK I,19.99
v1|127942213902|0,[GOSPEL/FOLK]~EXC LP~The HARMENAIRES QUARTET~Counting Every Mile~[1968~WFB] ,14.99
v1|127942213903|0,"[ROCK/POP/FOLK]~NM LP~MINORCAN~""Keep At Hand""~[Original 2009~BLOODONTHEVINYL]~",11.99
v1|127942213904|0,[ROCK/FOLK]~EXC/NM LP~FAIRPORT CONVENTION~House Full~Live~[1986~HANNIBAL~UK IMP,19.99
v1|127942213905|0,[FOLK]~EXC LP~ELLEN BEHNKE~FolkSongs At The Lion's Head~,9.99
v1|127942213906|0,[FOLK]~EXC LP~JULIE FELIX~Amazing Grace (Twenty Classic Tracks)~[1987~METEOR]~UK,11.99
v1|127942213907|0,[ROCK/FOLK/POP]~EXC LP~The ROWANS~Jubilitation~[1977~ASYLUM]~AUTOGRAPHED~SIGNED ,22.00
v1|127942213908|0,[FOLK/POP]~EXC LP~PATRICK SKY~A Harvest Of Gentle Clang~{1966~VANGUARD~Issue],9.99
v1|127942213909|0,[FOLK/POP]~EXC LP~BUFFY SAINTE MARIE~Changing Woman~[1975~MCA~Issue]~UK IMPORT,11.99
v1|127942213910|0,[FOLK/POP]~EXC LP~LIMPIC & RAYBURN~DAVE POLLARD~Self Titled~[1976~FANFARE~SIGNED,19.99
v1|127942213912|0,[FOLK]~EXC LP~FRED SMALL~I Will Stand Fast~[Original 1988~FLYING FISH~Issue],8.99
v1|147398147044|0,Shinedown Eight  EI8HT - Signed Evergreen Vinyl (Webstore Exclusive),99.99
v1|158027596557|0,[FOLK/BLUES/POP]~EXC LP~VARIOUS~Music Of Our American Heritage~[1959~BARBARY CO,49.99
v1|158027596558|0,[FOLK/POP]~EXC LP~KRISTIN LEMS~Oh Mama!~[Original 1978~CAROLSDATTER~Issue],8.99
v1|158027596560|0,[FOLK]~EXC LP~GEORGE T. MONTAGUE~PAT CUNNINGHAM~The Prophets' Dream~[1968~ARGUS,9.99
v1|158027596561|0,[FOLK/POP]~EXC LP~JUDY COLLINS~Judith~[1975~ELEKTRA~Reissue],9.99
v1|158027596562|0,[ROCK/FOLK]~EXC LP~PRELUDE~Owlcreek Incident~{1975~PYE~Issue] ,9.99
v1|158027596563|0,[FOLK/CELTIC]~EXC LP~JOCK TAMSON'S BAIRNS~Self Titled~[1980~TEMPLE~Issue]~UK Imp,13.99
v1|158027596564|0,[ROCK/POP/FOLK]~SEALED LP~CAITLIN ROSE~Cazimi~[2022~NAMES~Issue]~UK IMPORT~,16.99
v1|158027596565|0,[ROCK/FOLK]~EXC LP~FIVEPENNY PIECE~King Cotton~[Original 1976~EMI~Issue]~UK Impo,9.99
v1|158027596566|0,[FOLK/ROCK/POP]~EXC LP~URIAH~VERNE BULLOCK~Self Titled~{1973~URIAH MUSIC]~,11.00
v1|158027596567|0,[ROCK/FOLK]~EXC LP~HEDGE & DONNA~Hedge & Donna 2~[1968~CAPITOL~Issue],9.99
v1|158027596569|0,[FOLK/POP]~EXC LP~The TAVERNERS~BLowing Sands~[Original 1973~TRAILER~Issue] ,9.99
v1|158027596570|0,[ROCK/POP/FOLK]~NM 2 DOUBLE LP~WAYNE MONBLEAU~Live~Spirit Music~[1982~LOVING GR,19.99
v1|158027596571|0,[ROCK/FOLK]~VG+ LP~ROD MCKUEN~Written In The Stars (The Zodiac Suite)~[1971~VOC,8.98
v1|158027596572|0,[ROCK/FOLK]~EXC LP~HOLLY NEAR~Self Titled~{Original 1974~REDWOOD~Issue],8.98
v1|158027596573|0,[ROCK/POP/FOLK]~EXC LP~MELANIE~Please Love Me~[1973~BUDDAH~Issue],9.99
v1|158027596574|0,[ROCK/FOLK]~EXC LP~STEFAN GROSSMAN~Hot Dogs~{1972~TRANSATLANTIC}~UK Import~,11.99
v1|158027596575|0,[GOSPEL/FOLK]~EXC LP~The HARMENAIRES QUARTET~The Lord Of My Life~[1970~SELF REL,14.99
v1|158027596576|0,[ROCK/FOLK]~EXC LP~DAVE SWARBRICK~Lift The Lid And Listen~[1978~SONET]~UK Import,11.99
v1|158027596577|0,[GOSPEL/FOLK]~EXC LP~The HARMENAIRES QUARTET~O What A Love~[1970~TRINDLE ROAD]~ ,14.99
v1|158027596579|0,[FOLK/POP]~EXC LP~TONIGHT AT NOON~Down To The Devils~[1988~LISMOR~Issue],11.99
v1|158027596580|0,[FOLK/POP]~EXC LP~The SPINNERS~Folk At The Phil!~[1964~FONTANA~Issue]~UK Import~,13.99
v1|158027596581|0,[FOLK/POP]~EXC LP~STAN ARNOLD~Ladies Man~[1973~SWEET FOLK-ALL]~UK Import~,11.99
v1|158027596582|0,[FOLK/GOSPEL]~EXC LP~JIM & JEAN STRATHDEE~Called To Follow~[1978~CALICHE~Issue],11.99
v1|168492575430|0,Duran Duran - Rio Vinyl LP- 1982 Pressing W/ OG Hype Sticker (Check Image),20.00
v1|158027596033|0,ROLLING STONES ‎– Sticky Fingers  1971 - 1st US Issue VG+/EX LP w/ Inner Sleeve,99.99
v1|158027595956|0,Vintage Rod Stewart Vinyl Every Picture Tells A Story 1971 Mercury VG,5.00
v1|318504949123|0,The Mamas & the Papas If You Can Believe Your Eyes & Ears LP DS-50006,60.00
v1|127942213169|0,THE SYLVERS - SOMETHING SPECIAL - CAPITOL RECORDS LP 1976,7.00
v1|318504948821|0,Apollonia 6 Lp Self - Titled On Wb - Vg++/ Vg+ To Vg++,24.99
v1|198454215482|0,"Allendale Country Club / Louise Miller ""Fiddler On The Tee""  1965 - 12"" LP-Stage",19.99
v1|178255778361|0,Mott the Hoople Mott 1973 Columbia KC 32425 LP Only VG+,5.00
v1|407027587652|0,JERU THE DAMAJA - WRATH OF THE MATH LP 1996 1ST PRESSING 2LP SET,59.99
v1|158027594592|0,Neil Diamond Vinyl LP ~ Beautiful Noise ~ 1976 Columbia (53),4.98
v1|127942212545|0,[SOUL/POP]~EXC LP~BAJA MARIMBA BAND~Self Titled~{1964~A&M~Issue}~,9.99
v1|127942212546|0,[SOUL/POP]~EXC LP~DOBIE GRAY~Hey Dixie~[Original 1974~MCA~Issue],8.99
v1|127942212548|0,[SOUL/DISCO]~EXC LP~VILLAGE PEOPLE~Go West~[1979~TAIWAN PRESSING],19.99
v1|127942212549|0,[SOUL/FUNK]~EXC LP~NATALIE COLE~Unpredictable~[Original 1977~CAPITOL~Issue],8.98
v1|127942212550|0,[SOUL/FUNK]~EXC LP~ROCCO~Self Titled~{Original 1976~20th CENTURY~Issue]~,9.99
v1|127942212551|0,[SOUL/FUNK]~EXC LP~AL WILSON~La La Peace Song~[1974~ROCKY ROAD~Issue],9.99
v1|127942212552|0,[SOUL/POP]~EXC LP~The CHORDETTES~Listen~{1957~COLUMBIA~Issue]~MONO,14.00
v1|127942212553|0,[SOUL/GOSPEL]~NM LP~MELVIN TOUCH~Learned My Lesson Well~[1989~MELTONE~Issue],9.99
v1|127942212554|0,[SOUL/FUNK]~EXC LP~VARIOUS ARTISTS~Dancin' And Romancin'~18 Doowop~[1986]~UK,11.99
v1|127942212555|0,[SOUL/GOSPEL]~EXCVG+ LP~CLARENCE FOUNTAIN~CURRINGTON CHORAL~At His Best~[1973~JE,9.99
v1|127942212556|0,[SOUL/FUNK]~EXC LP~GEORGIO~Self Titled~[Original 1988~MOTOWN~issue],8.98
v1|127942212557|0,[SOUL/FUNK]~EXC LP~AVERAGE WHITE BAND~Warmer Comunications~[1978~ATLANTIC~Issue],9.99
v1|127942212558|0,[SOUL/POP]~EXC LP~BAJA MARIMBA BAND~Heads Up~[1967~A&M~Issue],9.99
v1|127942212559|0,[SOUL/FUNK]~EXC LP~BRASS CONSTRUCTION~Renegades~[1984~CAPITOL~Issue]~PROMO,11.99
v1|127942212560|0,[SOUL/FUNK]~EXC LP~MARTHA REEVES~Self Titled~Produced By Richard Perry~[1974~MCA,9.99
v1|127942212561|0,[SOUL/FUNK]~EXC LP~The RITCHIE FAMILY~Brazil~{Original 1975~20th CENTURY~Issue],9.99
v1|127942212562|0,[SOUL/FUNK]~EXC LP~CHAMPAIGN~Woman In Flames~[Original 1984~CBS~Issue],8.99
v1|127942212563|0,[SOUL/FUNK]~EXC LP~The BROTHERS JOHNSON~Blam!~[1978~A&M~Issue],14.00
v1|127942212564|0,[SOUL]~EXC LP~INK SPOTS~For Always~[Original 1973~MCA/CORAL~Issue],8.99
v1|127942212565|0,[SOUL/GOSPEL]~EXC LP~LARRY HART~HART & And SOUL~Self Titled~[1977~GENESIS~Issue],39.99
v1|127942212566|0,[SOUL/POP]~VG LP~The SUPREMES~TEMPTATIONS~Diana Ross Join~[1968~MOTOWN~Issue],8.99
v1|127942212567|0,[SOUL/FUNK]~EXC LP~JEAN KNIGHT & PREMIUM~Keep It Comin'~[1981~COTILLION~Issue],9.99
v1|127942212568|0,[SOUL/POP/ROCK]~EXC LP~CHUBBY CHECKER~Twist With Chubby Checker~[1961~PARKWAY],14.00
v1|127942212569|0,[SOUL/DISCO]~EXC LP~AMII STEWART~Paradise Bird~{1979~ARIOLA~Issue]~WLP~PROMO~,9.99
v1|127942212570|0,[SOUL/FUNK/GOSPEL]~EXC LP~LEON PATILLO~Live Experience~{Original 1983~MYRRH~Iss],9.99
v1|127942212571|0,[SOUL/FUNK]~EXC LP~MAN'S THEORY~Just Before Dawn~[Original 1977~MCA~Issue],11.99
v1|127942212572|0,[SOUL/FUNK]~EXC LP~RENDEZVOUS~Rock And Roll Disco Boogie~[OG 1979~ATTIC~Issue],9.99
v1|127942212574|0,[SOUL/FUNK]~EXC LP~TYRONE DAVIS~I Can't Go On This Way~[1978~CBS]~WLP~PROMO~,9.99
v1|127942212575|0,"[SOUL/POP]~EXC 12""~BRUCE & BONGO~Geil~Dub~{1986~RUSH}~GERMANY IMPORT",17.00
v1|127942212577|0,[SOUL/FUNK]~EXC LP~CY COLEMAN~The Party's On Me~[1976~RCA~Issue],9.99
v1|127942212578|0,[SOUL/FUNK]~EXC LP~EDWIN STARR~Stronger~{1980~20th CENTURY~Issue]~w/'Get Up',11.99
v1|127942212579|0,[SOUL/FUNK]~EXC LP~AVERAGE WHITE BAND~Self Titled~'AWB'~[1974~ATLANTIC~Issue],13.00
v1|127942212580|0,"[SOUL/ROCK]~EXC LP~GARY ""U.S."" BONDS~The Best Of~[Original 1984~MCA~COMPILATION]",11.99
v1|127942212581|0,[SOUL/FUNK]~EXC LP~MAXINE WELDON~Some Singin'~{OG 1974~MONUMENT~PROMO],9.99
v1|127942212582|0,[SOUL/ROCK/FUNK]~SEALED LP~DERYLL INMAN~Electric Skyway~{OG 1977~LA~Issue],9.99
v1|127942212583|0,[SOUL/FUNK]~EXC LP~The TEMPTATIONS~Do The Temptations~[Original 1976~GORDY~Issue,12.99
v1|127942212584|0,[SOUL/FUNK]~NM LP~MARCUS LEWIS~Sing Me A Song~[1989 AEGIS]~,8.96
v1|127942212586|0,[SOUL/FUNK]~EXC LP~The CHOICE 4 (FOUR)~Self Titled~{1975~RCA~issue],16.00
v1|127942212587|0,[SOUL/POP]~EXC LP~DIONNE WARWICK~Friends~{Original 1985~ARISTA~Issue],8.99
v1|158027594535|0,[SOUL/FUNK]~EXC LP~AVERAGE WHITE BAND~'Awb'~Self Titled~[2013~DEMON REISSUE],13.99
v1|158027594536|0,"[SOUL/POP]~VG+ LP~The ANITA KERR SINGERS~""The Genius"" In Harmony~[1962~RCA~Issue",12.00
v1|158027594537|0,[SOUL/FUNK]~EXC LP~WALTER MURPHY~Rhapsody In Blue~{OG 1977~PRIVATE STOCK]~PROMO~,8.98
v1|158027594538|0,"[SOUL]~EXC LP~The FIFTH 5th DIMENSION~Living Together, Growing Together~",8.99
v1|158027594539|0,[SOUL/DISCO]~EXC LP~The ARMADA ORCHESTRA~Self Titled~[1975~CONTEMPO]~,9.99
v1|158027594540|0,[SOUL]~EXC LP~DIONNE WARWICK~More Greatest Hits~{Original 1977~SPRINGBOARD~Comp],9.99
v1|158027594543|0,[SOUL/POP]~EXC LP~BAJA MARIMBA BAND~Watch Out!~[1966~A&M~Issue],9.99
v1|158027594545|0,[SOUL/DOOWOP]~EXC/VG+ LP~VARIOUS ARTISTS~Out Of The Past~Vol. 1~[1969~JOY]~UK IM,11.99
v1|158027594546|0,[SOUL/BLUES]~EXC LP~The BLONDE BRUCE BAND~Boogie And Blues~{1986~SILVER~Issue],20.00
v1|158027594547|0,[SOUL/FUNK]~VG+ LP~J.T. CONNETION~DENNIS TUFANO~Relationships~Bernadette~Reach O,8.98
v1|158027594548|0,[SOUL/R&B]~EXC LP~ART MADISON~Let It Flow~[Original 1990~ATLANTIC~Issue],11.99
v1|158027594552|0,[SOUL/FUNK/GOSPEL]~EXC LP~BEN MOORE~Purified~{Original 1982~PRIORITY]~PROMO~,11.99
v1|158027594553|0,[SOUL/FUNK]~EXC LP~The TYMES~Trustmaker~{Original 1974~RCA~Issue],9.99
v1|158027594554|0,[SOUL]~EXC LP~GLADYS KNIGHT & THE PIPS~I Feel A Song~[Original 1974~BUDDAH~Issue,8.99
v1|158027594555|0,[SOUL]~EXC LP~The FIFTH 5th DIMENSION~Individually & Collectively~[1972~BELL~Iss,8.99
v1|158027594556|0,[SOUL]~EXC LP~The MILLS BROTHERS~Timeless~{Original 1978~SUNNYVALE~COMPILATION],9.99
v1|158027594557|0,[SOUL/POP]~EXC LP~The FIFTH 5TH DIMENSION~The July 5th Album~[1970~SOUL CITY~Iss,8.99
v1|158027594559|0,[SOUL/FUNK]~EXC LP~SILVER CONVENTION~Self Titled~[Original 1974~MIDLAND INT],8.98
v1|158027594560|0,[SOUL/FUNK]~EXC LP~USA EUROPEAN CONNECTION~Come Into My Heart~{1978~T.K~MARLIN],8.99
v1|158027594561|0,[SOUL/R&B]~EXC LP~The SOLITAIRES~The Best Of~[1984~MURRAY HILL~COMPILATION],11.99
v1|158027594562|0,[SOUL/FUNK]~EXC LP~NEW CENSATION~SENSATION~First Round Knockout~[OG 1974~,11.99
v1|158027594564|0,[SOUL/GOSPEL]~NM LP~ETHEL HOLLOWAY~I Love The Lord~{OG 1988~I AM~Issue]~,11.99
v1|158027594565|0,[SOUL/FUNK]~EXC LP~PATTI LABELLE~Self Titled~[Original 1985~PHILADELPHIA INTL]~,9.99
v1|158027594566|0,[SOUL/FUNK]~EXC LP~GENE CHANDLER~Get Down~[Original 1978~20th CENTURY~Issue],8.98
v1|188560150096|0,Tennessee Ernie Ford Hymns At Home Gospel Music LP RECORD ALBUM,2.32
v1|336656536638|0,Glass Moon - Glass Moon EX/EX 1980 Ultrasonic Clean Vinyl Rock / Alternative,6.50
v1|336656953126|0,The Jimi Hendrix Experience Electric Ladyland Polydor MP-9301/02  Japanese Press,149.99
v1|127942212288|0,"Elvis Christmas Album CAS-2428 Vinyl Record 12"" LP - Tested ",5.99
v1|257587339087|0,Lot of 26 Vintage 60s 70s Mixed Genre Vinyl Records,22.77
v1|257587339091|0,Lot of 26 Vintage 60s 70s Mixed Genre Vinyl Records,22.77
v1|257587339093|0,Lot of 26 Vintage 60s 70s Mixed Genre Vinyl Records,22.77
v1|257587339099|0,Lot of 26 Vintage 60s 70s Mixed Genre Vinyl Records,22.77
v1|257587339103|0,Lot of 26 Vintage 60s 70s Mixed Genre Vinyl Records,22.77
v1|257587339105|0,Lot of 26 Vintage 60s 70s Mixed Genre Vinyl Records,22.77
v1|257587339107|0,Lot of 26 Vintage 60s 70s Mixed Genre Vinyl Records,22.77
v1|257587339109|0,Lot of 26 Vintage 60s 70s Mixed Genre Vinyl Records,22.77
v1|327232579380|0,"CECIL TAYLOR ~ Indent ~ JAZZ LP 1973 MASTERS MYSTERIES YELLOW SPRINGS, OHIO",57.77
v1|127942211121|0,[JAZZ]~EXC LP~BOB PILSBURY~And More Friends~At The Sticky Wicket Pub~[1984~DIRTY,14.99
v1|158027593858|0,[JAZZ]~NM LP~MARIAN MCPARTLAND~HANK JONES~Solo/Duo (Live In Tokyo)~JAPAN IMPORT~,19.99
v1|127942211021|0,[JAZZ]~EXC LP~BOBBY SHERWOOD~Victory Parade Of Spotlight Bands~Vol. One~[1974]~,18.00
v1|127942211022|0,[JAZZ/FUSION]~EXC LP~C.O.S.~Light/Warm/P.M.~[1983~UPSTREAM~Issue]~,12.00
v1|127942211023|0,[SOUL/JAZZ]~EXC LP~BILLY ECKSTINE~My Way~{Original 1966~MOTOWN~Issue]~STEREO,14.00
v1|127942211025|0,[SOUL/JAZZ]~EXC LP~The SHELLY MANNE TRIO~In Zurich~[OG 1986~FANTASY~Issue],17.99
v1|127942211027|0,[JAZZ/POP]~EXC LP~FERRANTE & TEICHER~For Lovers Of All Ages~{OG 1966~UNITED ARTI,8.98
v1|127942211028|0,[SOUL/JAZZ]~EXC LP~STAN KENTON~The Uncollected Stan Kenton~Vol. II~1941~{1978]~,13.99
v1|127942211029|0,[SOUL/JAZZ]~EXC LP~SUZY LEE~Simply Suzy~Organ & Piano~[CURTIS RECORDS~PRIVATE RE,49.99
v1|127942211030|0,[JAZZ]~NM LP~STAN KENTON~Conducts The Jazz Compositions Of Dee Barton~[1970],8.99
v1|127942211031|0,[JAZZ/POP]~VG+ LP~FELIX SLATKIN~The Magnificent XII~[1961~LIBERTY~Issue]~MONO~,8.98
v1|127942211032|0,[SOUL/JAZZ]~EXC LP~BARBARA DICKSON~All For A Song~[1982~CBS~Issue]~UK Import~,11.99
v1|127942211033|0,[JAZZ/POP/SCHLAGER]~EXC LP~HEIDI BRUHL~In Love Like You And I~[1967~UA INTERNATI,11.99
v1|127942211034|0,[JAZZ/POP]~EXC LP~EYDIE GORMET~With All My Heart~[OG 1969~HARMONY~Issue]~PROMO~,8.98
v1|127942211035|0,[JAZZ]~EXC LP~HARRY JAMES~I Cried For You~[Original 1966~SEARS~Issue],8.99
v1|127942211036|0,[SOUL/JAZZ]~EXC LP~ARTHUR PRYSOCK~Intimately Yours~{Original 1964~OLD TOWN~Issue,8.99
v1|127942211037|0,[SOUL/JAZZ]~EXC LP~WILD BILL DAVIS~Flying Home~{OG 1968~SUNSET~MONO~Issue],8.99
v1|127942211038|0,[SOUL/JAZZ]~EXC LP~STU GARDNER~Presents Total Happiness~Bill Cosby Show Vol II,14.99
v1|127942211039|0,[SOUL/FUNK/JAZZ]~EXC LP~OLLIE COLLINS JR.~I've Come A Long Way~{1988~J&B]~Gospel,18.99
v1|127942211040|0,[SOUL/JAZZ]~EXC/NM LP~MILT JACKSON~KENNY CLARKE~Bluesology~[1980~ARISTA~PROMO],14.99
v1|127942211041|0,[SOUL/POP/JAZZ]~EXC LP~BURT BACHARACH~VARIOUS ARTISTS~& Friends~{1971~A&M~Issue],8.98
v1|127942211042|0,[SOUL/JAZZ]~EXC LP~FERRANTE & TEICHER~PERITO~Golden Themes From Motion Pictures~,8.96
v1|127942211043|0,[JAZZ]~EXC LP~The JONAH JONES QUARTET~Self Titled~[Original 1969~RCA~Issue],12.99
v1|127942211044|0,[SOUL/JAZZ]~EXC 2 DOUBLE LP~CHUCK MANGIONE~An Evening Of Magic~Hollywood Bowl~79,15.00
v1|127942211045|0,[JAZZ/POP]~EXC/VG+ LP~DEAN MARTIN~Somewhere There's A Someone~[1966~REPRISE~Iss[,8.98
v1|127942211046|0,[SOUL/JAZZ]~EXC LP~RAY CONNIFF~Love Story~[Original 1970~CBS~Issue],8.98
v1|127942211047|0,[JAZZ/POP]~EXC LP~AL CAIOLA~Tuff Guitar~[Original 1964~UNITED ARTISTS~Iss]~MONO,11.00
v1|127942211048|0,[SOUL/JAZZ]~EXC LP~REBECCA PARRIS~PHIL WILSON~Live At Chan's~[OG 1985~WESTON BLA,9.99
v1|127942211049|0,[SOUL/JAZZ/BLUES]~EXC LP~PROF. BIGSTUFF~Plays Hotstuff~[1979~TUNA RECORDS~Issue],9.99
v1|127942211050|0,"[JAZZ]~EXC LP~TONY PASTOR~Ready, Get Set, Jump!~[1974~BANDSTAND~Issue]",8.98
v1|127942211051|0,[JAZZ]~EXC LP~CHRIS BARBER~AT The London Palladium~[1965~MFP~Issue]~UK Import~,11.99
v1|127942211052|0,[JAZZ]~EXC LP~EARL GRANT~In Motion!~[Original 1968~DECCA~Issue],8.99
v1|127942211053|0,[JAZZ]~[VARIOUS ARTISTS]~EXC LP~IN A SENTIMENTAL MOOD~[1972~RCA/DYNAFLEX COMP],7.98
v1|127942211055|0,[JAZZ/NEW AGE]~ALEX DEGRASSI~Turning: Turning Back~[1978~WINDHAM HILL~Issue],11.00
v1|127942211056|0,[JAZZ/FUNK]~EXC LP~The CRUSADERS~Rhapsody And Blues~{1980~MCA~Issue}~,11.00
v1|127942211057|0,[JAZZ/POP]~EXC LP~The HUGH & LUIGI CHORUS~With Brass~[OG 1964~RCA~MONO~Issue],8.98
v1|127942211058|0,[SOUL/JAZZ]~EXC LP~RAY CONNIFF~Friendly Persuasion~[OG 1965~COLUMBIA~Iss]~STEREO,8.98
v1|127942211059|0,[ROCK/JAZZ]~NM 2 DOUBLE LP~RAOUL DUGUAY~Vivant Avec Toullimond~(Live)~{1978,14.99
v1|127942211060|0,[JAZZ]~EXC LP~CONCORD JAZZ ALL STARS~At The Northsea Festival~[1983~CONCORD}~,9.99
v1|127942211061|0,[JAZZ]~EXC LP~JIMMY MAZZY~ELI NEWBERGER~Shake It Down~{1985~STOMP~OFF~Issue],9.99
v1|127942211062|0,[SOUL/FUNK/JAZZ]~EXC LP~HERBIE MANN~Bird In A Silver Cage~{1976~ATLANTIC~PROMO,8.96
v1|127942211063|0,[JAZZ]~NM LP~JERRY GRAY And His ORCHESTRA~SwingTime~Volume 2~{1982~QUALITY~CANA,8.99
v1|127942211064|0,[SOUL/JAZZ]~EXC/VG+ LP~GEORGE BENSON~In Flight~[Original 1977~WARNER BROS~Issue],8.99
v1|127942211067|0,[JAZZ]~VG+ LP~KEITH WILLIAMS~Selects More Immortal Winners~{1961~VALON~BLUE VINY,9.99
v1|127942211069|0,[SOUL/JAZZ]~EXC LP~CHARLIE BYRD~Aquarius~[Original 1969~COLUMBIA~STEREO~Issue],9.99
v1|127942211070|0,[SOUL/JAZZ]~EXC LP~PHIL UPCHURCH~Name Of The Game~[OG 1983~JAM~Issue],11.99
v1|127942211071|0,[SOUL/JAZZ]~EXC LP~BILLY VAUGHN~Michelle~[Original 1966~DOT~Issue]~MONO,8.98
v1|127942211072|0,[JAZZ/POP]~EXC LP~KATE SMITH~Something Special~[Original 1967~RCA~Issue],8.98
v1|127942211076|0,[SOUL/JAZZ]~EXC LP~RAY CONNIFF~Alone Again (Naturally)~[Original 1972~CBS~Issue],8.98
v1|127942211079|0,[SOUL/JAZZ]~NM LP~HARRY JAMES~Mr. Trumpet~Salutes The Great Men~{1972~LONGINES],8.98
v1|127942211089|0,[JAZZ]~VG+ LP~WOODY HERMAN~ORCHESTRA~The Swinging Herd~[1957~BRUNSWICK~MONO],11.99
v1|127942211090|0,[JAZZ]~EXC LP~ALEX WELSH & HIS BAND~'69~[1969~COLUMBIA~Issue]~UK Import~,11.99
v1|127942211091|0,[SOUL/JAZZ]~NM LP~CHRIS HUNTER~Self Titled~[1986~ATLANTIC~Issue]~,8.96
v1|127942211092|0,[JAZZ]~[VARIOUS]~EXC LP~The Legendary St. Regis Jam Sessions 1938-39~[1975~ALAMA,8.98
v1|127942211093|0,[SOUL/JAZZ]~EXC LP~NANCY WILSON~I've Never Been To Me~[Original 1977~CAPITOL~Iss,9.99
v1|127942211095|0,[SOUL/JAZZ]~EXC LP~ADAM WADE~Adam Wade's Greatest Hits~{1962~EPIC~Issue],11.00
v1|127942211096|0,[SOUL/JAZZ]~EXC LP~BILL JUSTIS~Alley Cat~Green Onions~[Original 1962~SMASH]~STER,8.99
v1|127942211097|0,[SOUL/JAZZ]~EXC/VG+ LP~WOODY WOODMAN~The Best Of Woody Woodman At Dick Stacey's,9.99
v1|127942211098|0,[JAZZ]~EXC LP~The FRANKIE CAPP PERCUSSION GROUP~In A Tribute To Glenn Miller~'61,9.99
v1|127942211099|0,[SOUL/JAZZ]~EXC LP~RAY CONNIFF~It Must Be Him~[Original 1967~COLUMBIA~STEREO]~,8.98
v1|127942211100|0,[SOUL/JAZZ]~EXC LP~CHUCK MANGIONE~Feels So Good~[1977~A&M~Issue],13.00
v1|127942211101|0,[JAZZ]~EXC LP~BROOKS ARTHUR~Sole Forms~[Original 1966~VERVE~Issue]~STEREO~,9.99
v1|127942211102|0,[JAZZ]~[VARIOUS ARTISTS]~EXC LP~The Headliners~Volume 3~[1962~CBS~STEREO]~COMP,8.98
v1|127942211103|0,[JAZZ/POP]~EXC LP~The BRIGHOUSE AND RASTRICK BAND~The Floral Dance~{1977]~UK Imp,11.99
v1|127942211104|0,[SOUL/JAZZ]~EXC/VG+ LP~NANCY WILSON~Tender Loving Care~[1966~CAPITOL]~STEREO~,8.99
v1|127942211105|0,[JAZZ/POP]~EXC LP~The JOHNNY MANN SINGERS~Love Is Blue~[Original 1968~LIBERTY]~,8.99
v1|127942211106|0,[JAZZ/FUNK]~VG+ LP~The CRUSADERS~Street Life~[Original 1979~MCA~Issue]~,11.00
v1|127942211107|0,[JAZZ]~[VARIOUS ARTISTS]~NM LP~FOUNDATIONS IN MODERN JAZZ~[Mingus~Birdlanders,9.99
v1|127942211108|0,[JAZZ/POP]~EXC LP~FRANK DEVOL And His RAINBOW STRINGS~The Old Sweet Songs~[1960],7.98
v1|127942211110|0,[JAZZ]~EXC LP~BILLY MAY And His ORCHESTRA~Sorta-May~[1972~CAPITOL~Reissue],9.99
v1|127942211111|0,[SOUL/JAZZ]~EXC LP~MARK HUNTER~High-Fi Road To Romance~{OG 1959~GNP~MONO~Issue],17.99
v1|127942211112|0,[SOUL/JAZZ]~EXC LP~FRANK OWENS~Oliver! Ole!~[Original 1969~COLUMBIA~Issue]~PROMO,9.99
v1|127942211113|0,[SOUL/JAZZ]~NM LP~ROCHESTER / VEASLEY BAND~One Minute Of Love~{OG 1985~GRAMMAVIS,14.99
v1|127942211114|0,[JAZZ/POP]~EXC LP~BOOTS RANDOLPH~Yakety Revisited~[Original 1969~MONUMENT~Issue],8.98
v1|127942211115|0,[SOUL/JAZZ]~EXC/VG+ LP~BILL BLACK'S COMBO~Mr. Beat~[Original 1965~HI~Issue],9.99
v1|127942211116|0,[SOUL/JAZZ]~EXC LP~MOE KOFFMAN~Plays Bach~[Original 1971~GRT~CANADA IMPORT],14.99
v1|127942211117|0,[SOUL/BLUES/JAZZ]~EXC LP~VARIOUS ARTISTS~BOOGIE WOOGIE~GREATEST HITS~[1970~Boogi,9.99
v1|127942211118|0,[JAZZ]~EXC LP~HENRY MANCINI~Music From The TV Series The Mancini Generation~1972,8.98
v1|127942211119|0,[SOUL/JAZZ]~EXC LP~PLAS JOHNSON~Positively~[Original 1976~CONCORD JAZZ Issue],9.99
v1|158027593759|0,[SOUL/JAZZ]~EXC LP~WARREN VACHE~GEORGE MASSO~It's A Wonderful Sound~[1977~STARFI,14.99
v1|158027593760|0,[SOUL/JAZZ]~EXC LP~ARTHUR PRYSOCK~To Love Or Not To Love~[1968~VERVE~Issue],13.00
v1|158027593761|0,[SOUL/JAZZ]~EXC LP~MARIE MARCUS~First Lady Of Jazz~Vol. 2~[1969~CIRCO~Issue],25.00
v1|158027593763|0,[SOUL/JAZZ]~EXC LP~ARTHUR PRYSOCK~COUNT BASIE~Self Titled~{1965~VERVE~Issue}~,11.00
v1|158027593764|0,[SOUL/JAZZ]~EXC LP~CHARLIE BYRD~Aquarius~The Stroke Of Genius~[1969~CBS~360-2-Ey,11.99
v1|158027593765|0,[SOUL/JAZZ]~EXC LP~ARTHUR PRYSOCK~A Portrait Of Arthur Prysock~[1967~VERVE~Iss],13.00
v1|158027593766|0,[SOUL/JAZZ]~EXC LP~PETER KATER~Two Hearts~[Original 1986~OPTIMISM~Issue],9.99
v1|158027593767|0,[SOUL/FUNK/JAZZ]~VG+ LP~BOB JUNG And His ORCHESTRA~The Big Band Syndrome~[1969]~,9.98
v1|158027593768|0,[JAZZ/POP]~EXC LP~JERRY VALE~Be My Love~[Original 1964~COLUMBIA~Issue]~MONO~,8.98
v1|158027593770|0,[JAZZ]~EXC LP~CLAUDE HOPKINS And His ORCHESTRA~The Golden Swing Years 1935~[UK]~,11.99
v1|158027593771|0,[SOUL/FUNK/JAZZ]~EXC LP~SANTA ESMERALDA~LEROY GOMEZ~Gypsy Woman~[1978~CASABLANCA,11.99
v1|158027593772|0,"[JAZZ/POP]~EXC LP~KIM AUCREMANN~Volume 1~Live At Breckinridge, St. Petersburg!",11.99
v1|158027593774|0,[SOUL/JAZZ]~EXC LP~BILL BLACK'S COMBO~Turn On Your Love Light~[1969~HI RECORDS]~,11.99
v1|158027593775|0,[SOUL/JAZZ]~EXC LP~NOEL POINTER~Direct Hit~[Original 1982~LIBERTY~Issue]~,9.99
v1|158027593776|0,[JAZZ/POP]~SEALED LP~VARIOUS ARTISTS~Hits From Finian's Rainbow~ [1968~HARMONY],9.99
v1|158027593777|0,[SOUL/JAZZ]~EXC 2 DOUBLE LP~PAUL HORN~Special Edition~[1974~ISLAND~Issue],9.99
v1|158027593778|0,[JAZZ]~[VARIOUS ARTISTS]~EXC LP~55 Years of Great Hits~{1965~MARK~COMPILATION],8.99
v1|158027593779|0,[JAZZ]~EXC LP~CHARLSTON CITY ALL STARS~ENOCH LIGHT~Sing A Song The Roaring 20's,9.99
v1|158027593780|0,[SOUL/JAZZ]~EXC LP~ROLAND (VAN CAMPENHOUT)~76 Centimeters Per Second~[1985~BELGI,34.99
v1|158027593781|0,[JAZZ]~[VARIOUS]~EXC LP~Anniversary~{1985~XANADU~COMP]~Dolo Coker~Bob Mover~Barr,11.99
v1|158027593782|0,[SOUL/JAZZ]~EXC LP~GEORGE BENSON~Good King Bad~{Original 1976~CTI~Issue],9.99
v1|158027593783|0,[JAZZ/FUNK]~EXC LP~JOE SAMPLE~Voices In The Rain~[Original 1981~MCA~Issue],8.99
v1|158027593784|0,[SOUL/JAZZ]~EXC LP~ENOCH LIGHT~At Carnegie Hall Play Irving Berlin~[1962]~GERMAN,11.99
v1|158027593785|0,[SOUL/JAZZ]~EXC LP~MOSE ALLISON~Plays For Lovers~[1972~PRESTIGE REISSUE]~,17.99
v1|158027593786|0,[JAZZ/POP]~VG+ LP~DEAN MARTIN~Hits Again~You're Nobody Til Somebody Loves You~65,8.98
v1|158027593787|0,"[JAZZ]~EXC 10""~78 RPM~HARRY BLUESTONE~Ave Maria~Evening Star~[1939~BRUNSWICK]",9.99
v1|158027593788|0,[SOUL/JAZZ]~EXC LP~WARREN KIME & His BRASS IMPACT~Goin' Somplace~[1968~COMMAND]~,8.99
v1|158027593790|0,[SOUL/JAZZ]~EXC LP~ANTHONY NEWMAN~Bhajebochstiannanas~{1973~CBS~Issue]~,11.99
v1|158027593791|0,[JAZZ/POP]~EXC LP~AL CAIOLA~Warm & Mellow~[Original 1967~UNART~Issue],11.00
v1|158027593792|0,[SOUL/FUNK/JAZZ]~EXC LP~HERBIE MANN~Super Mann~[ 1978 ATLANTIC]~~,8.98
v1|158027593793|0,[SOUL/JAZZ]~VG LP~RALPH BURNS~Where There's Fire~~{Original 1961~WARWICK~Issue],8.98
v1|158027593794|0,[JAZZ]~EXC LP~TERESA BREWER~EARL 'FATHA' HINES~We Love You Fats~[1983~DOCTOR JAZ,8.99
v1|158027593795|0,[SOUL/JAZZ]~NM LP~STEVE NARAHARA~Sierra~[Original 1983~PAUSA~Issue],11.99
v1|158027593797|0,[JAZZ}~EXC LP~BARBARA CARROLL~At The Piano~[Original 1981~TREND~Issue],11.99
v1|158027593798|0,[SOUL/JAZZ]~NM LP~FAREED HAQUE~Manresa~{Original 1989~PANGEA~Issue]~PROMO~,11.99
v1|158027593799|0,[VARIOUS]~EXC LP~Jazz Classics Volume I~Baby Doddds~Art Hodes~[1969~BLUE NOTE],8.99
v1|158027593800|0,[JAZZ]~EXC/VG+ LP~CHARLIE BYRD~TRIO~Byrd At The Gate~[1963~RIVERSIDE]~UK Import~,11.99
v1|158027593801|0,[SOUL/JAZZ]~EXC 2 DOUBLE LP~LENA HORNE~The Lady And Her Music~[1981~QWEST~Issue],9.99
v1|158027593802|0,[SOUL/JAZZ]~VG+ LP~RUBY BRAFF~And HIS MEN~Easy Now~[Original 1959~RCA~STEREO]~,8.99
v1|158027593803|0,[JAZZ/POP]~EXC LP~The HUGH & LUIGI CHORUS~Let's Fall In Love~[1963~RCA~MONO~Iss],8.98
v1|158027593804|0,[SOUL/FUNK/JAZZ]~EXC LP~SALAZAR~Self Titled~{Original 1980~FIRST AMERICAN~Issue],9.99
v1|158027593806|0,[SOUL/FUNK/JAZZ]~EXC LP~EDDIE HARRIS~E.H. In The U.K.~[1974~ATLANTIC~Issue]~,14.99
v1|158027593807|0,[JAZZ]~VG+ LP~TOMMY & JIMMY DORSEY ORCHESTRA~A Toast To~[1957~CROWN~MONO],8.98
v1|158027593808|0,[SOUL/JAZZ]~EXC/VG+ LP~RAY CONNIFF~Memories Are Made Of This~{1961~COLUMBIA]~STE,8.98
v1|158027593809|0,[JAZZ/POP]~EXC/VG+ LP~MANTOVANI~Manhattan~[Original 1963~LONDON~Issue],8.99
v1|158027593810|0,[SOUL/JAZZ]~EXC LP~STEVEN SCHOENBERG~Pianoworks~[Original 1983~QUABBIN~Issue],8.99
v1|158027593811|0,[SOUL/JAZZ]~EXC LP~JOE FARRELL~La Catedral Y El Toro~[Original 1977~WARNER BROS],8.98
v1|158027593812|0,[SOUL/JAZZ]~EXC LP~RAY CONNIFF~Somewhere My Love And Other Great Hits~{1966~CBS~,7.98
v1|158027593813|0,[SOUL/JAZZ]~NM LP~JOHNNY GRIFFIN~Call It Whachawana~[OG 1983~GALAXY~Issue],11.99
v1|158027593814|0,[SOUL/JAZZ]~EXC LP~MUGGSY SPANIER~PEE WEE RUSSELL RAGTIMERS~Volume 2~[1962~RED V,18.99
v1|158027593815|0,[SOUL/JAZZ]~EXC LP~ARTHUR PRYSOCK~I Must Be Doing Something Right~[1968~VERVE]~,14.00
v1|158027593816|0,[JAZZ/POP]~EXC LP~HUGO & LUIGI CHORUS~Let's Fall In Love~[1963~RCA~Issue]~STEREO,8.99
v1|158027593817|0,[SOUL/JAZZ]~EXV/VG+ LP~NEAL HEFTI~Definitely Hefti!~[1966~UNITED ARTISTS~Issue],8.99
v1|158027593818|0,[SOUL/JAZZ]~EXC LP~RAMSEY LEWIS & NANCY WILSON~Self Titled~[1984~CBS~Issue],9.99
v1|158027593819|0,[SOUL/JAZZ]~EXC LP~BILL BLACK COMBO~The Untouchable Sound Of The~[1963~HI-RECORD,9.99
v1|158027593820|0,[SOUL/JAZZ]~EXC LP~GARY BURTON~STEPHANE GRAPPELLI~Paris Encounter~{1972~ATLANTIC,14.99
v1|158027593821|0,[SOUL/JAZZ]~VG+ LP~BILL BLACK~Bill Black's Greatest Hits~[1963~HI-RECORDS~Issue],9.99
v1|158027593822|0,[JAZZ/POP]~EXC LP~FERRANTE & TEICHER~RALPH MARTIN~Piano Greats~[1967~DIPLOMAT],8.99
v1|158027593823|0,[SOUL/JAZZ]~EXC LP~KELLIS ETHRIDGE~Tommorow Sky~[Original 1981~INNER CITY~Issue],11.99
v1|158027593825|0,[JAZZ]~EXC LP~BIG BEN TRAD BAND~Big Ben Goes Trad~[1961~COLUMBIA]~UK Import~,11.99
v1|158027593826|0,[JAZZ]~NM LP~KEITH NICHOLS' HOT SIX~Shakin' The Blues Away~{1984~STOMP OFF~GERMA,11.99
v1|158027593827|0,[JAZZ]~EXC LP~LES ELGART~And Blazing Brass!~[Original 1963~SUTTON~Issue],8.99
v1|158027593828|0,[SOUL/JAZZ]~EXC LP~BRIAN AUGER'S OBLIVION EXPRESS~Straight Ahead~{1974~RCA~Iss],11.00
v1|158027593829|0,[SOUL/JAZZ]~EXC LP~REG WILSON~88 Keys And A Girl~[Original 1959~UNITED ARTISTS]~,13.99
v1|158027593830|0,[JAZZ]~EXC LP~CHARLSTON CITY ALL STARS~The Original Roaring 20's~Vol. 1~[1974~AB,9.99
v1|158027593831|0,[JAZZ/POP]~VG+ LP~The STRAND POPS ORCHESTRA~Never On Sunday~[1963~STRAND Issue]~,9.99
v1|158027593832|0,[SOUL/JAZZ]~EXC LP~AL HIRT~The Best Of Al Hirt~[Original 1965~RCA~Issue],8.98
v1|158027593833|0,[JAZZ]~EXC LP~PETE ROBINSON~Dialogues For Piano And Reeds~{1972~TESTAMENT]~,9.99
v1|158027593834|0,[JAZZ]~EXC/VG+ LP~TOMMY DORSEY~The One And Only~[OG 1961~RCA/CAMDEN~Issue],8.99
v1|158027593835|0,[JAZZ]~NM LP~HAGOOD HARDY~The Homecoming~{ 1975~CAPITOL]~,9.99
v1|158027593836|0,[JAZZ/EXOTICA]~EXC LP~ARTHUR LYMAN~Cast Your Fate To The Wind~[1965~GNP]~STEREO,12.00
v1|158027593838|0,[SOUL/FUNK/JAZZ]~EXC LP~JOHN KLEMMER~Lifestyle (Living & Loving)~[1977 ABC]~~,8.98
v1|158027593839|0,[POP/JAZZ]~VG+ LP~LIBERACE~My Most Requested~[OG 1964~DOT~STEREO~Issue]~,7.97
v1|158027593840|0,[SOUL/FUNK/JAZZ]~EXC LP~EDDIE HARRIS~Silver Cycles~{Original 1969~ATLANTIC~Issue,14.99
v1|158027593841|0,[JAZZ]~EXC LP~NORTH ARVADA JUNIOR HIGH SYMPHONIC BAND AND ENSEMBLE~,49.99
v1|158027593842|0,[POP/JAZZ}~EXC LP~JOE LONGTHORNE~The Joe Longthorne Songbook~[1988~TELSTAR]~UK I,11.99
v1|158027593843|0,[SOUL/JAZZ]~EXC LP~STAN KENTON~Stan Kenton's Greatest Hits~[1965~CAPITOL~STEREO],11.99
v1|158027593844|0,[JAZZ]~EXC LP~MARGIE ADAM~Naked Keys~Solo Piano Performances~[1980~PLEIADES~Iss],8.99
v1|158027593845|0,[JAZZ]~NM LP~OCCIDENTAL COLLEGE~Wind Ensemble~[1964-1965 Season]~[1965~ARTISAN],19.99
v1|158027593846|0,[SOUL/JAZZ]~EXC LP~KNUCKLES O'TOOLE~Plays Honky Tonk Piano~{OG 1974~ABC~Issue],11.99
v1|158027593847|0,[JAZZ]~EXC LP~COUNT BASIE~JOE WILLIAMS~Breakfast Dance And Barbecue~[1959~ROULET,14.00
v1|158027593848|0,[JAZZ]~EXC LP~REVERIE~Reverie In Concert~{Original 1985~ENCOUNTER~Issue],9.99
v1|158027593849|0,[SOUL/JAZZ]~EXC LP~RALPH MARTERIE~On The Sunny Side Of The Street~[AMBASSADOR~Is,9.99
v1|158027593850|0,[SOUL/JAZZ]~EXC LP~BRIAN AUGER'S OBLIVION EXPRESS~Second Wind~{1972~RCA~Issue},15.00
v1|158027593851|0,[JAZZ]~EXC LP~The CHRIS BARBER BAND~LOUIS JORDON~EDMOND HALL~Best Of Both Worlds,11.99
v1|158027593852|0,[SOUL/JAZZ]~NM LP~PHIL MATTSON And The P.M. SINGERS~Setting Standards~[1985~DOCT,14.99
v1|158027593853|0,[SOUL/JAZZ]~VG+ LP~ACE CANNON~Aces Hi~{Original 1964~HI RECORDS~STEREO Issue],11.99
v1|158027593855|0,[SOUL/FUNK/JAZZ]~NM LP~BOBBY MCCLURE~The Cherry LP~[1989]~BLUES/SOUL~,9.99
v1|158027593856|0,[OST]~EXC LP~ALL THAT JAZZ~[VARIOUS]~Soundtrack~[1980~CASABLANCA~MEXICO IMPORT],8.99
v1|198453436022|0,"Vintage Mantovani The Mantovani Scene Vinyl LP 12"" 1969 London Easy Listening",8.99
v1|117268953257|0,Gentle Giant ‎– Three Friends 1972 Columbia KC 31649 LP Only,8.00
v1|398107578472|0,ZZ Top - ZZ Top's World Wide Texas Tour (LP) (Very Good Plus (VG+)) - 4225118550,39.99
v1|398107578172|0,Mike Oldfield - Tubular Bells (LP) (Very Good Plus (VG+)) - 4225118247,5.99
v1|398107577830|0,Nigel Olsson - Changing Tides (LP) (Very Good Plus (VG+)) - 4225117908,4.99
v1|407027585963|0,Pantera - Cowboys From Hell (1990/BR Press) - 670.8266 - Vinyl,234.00
v1|358722352511|0,Trio Los Delfines – Exitos De Los Delfines LP NM Mexican Import Bolero,38.99
v1|127942210770|0,Debbie Gibson – Out Of The Blue – 1987 Atlantic – 81780-1 – Vinyl Record LP,12.00
v1|398107577626|0,Eric Clapton - Me And Mr Johnson (LP) (Very Good Plus (VG+)) - 4225107375,64.99
v1|278125921574|0,The Lost Gongo Band - Signs Of Life 1978 USA Orig. Vinyl LP Lyrics E/VG,6.99
v1|307025383849|0,"Paul McCartney – Tug Of War - LP 1982 Columbia - Pop Rock, Beatles",5.50
v1|398107577490|0,Bachman-Turner Overdrive - Not Fragile (LP) (Very Good Plus (VG+)) - 4225109649,4.99
v1|358722352067|0,"STEVE WALSH (Vocalist KANSAS) ""Schemer Dreamer"" LP NM/EX 1980 Holland PROG",18.00
v1|398107577340|0,The Beatles - 20 Greatest Hits (LP) (Very Good Plus (VG+)) - 4225110765,19.99
v1|358722351983|0,Secret Ties Lp 12” One Night 1987 Night Wave Records,9.99
v1|307025383646|0,"Various – Original Golden Teen Hits-Volume 2 -LP 1964 Mercury -Rock 'n Roll, R&B",4.99
v1|358722351881|0,Linda Ronstadt Simple Dreams 12 “ Vinyl LP Record Ultrasonically Cleaned,8.99
v1|398107577148|0,Sutherland Brothers And Quiver - Lifeboat (LP) (Very Good (VG)) - 4225115334,4.99
v1|398107576964|0,Buzzcocks - Love Bites (LP) (Very Good Plus (VG+)) - 4225102842,39.99
v1|307025383394|0,Sonny & Chér – Look At Us - LP 1965 ATCO - Soft Rock,2.79
v1|227404054188|0,DAVID GRISMAN Rounder Album Original Vinyl Record Album Rounder Records LP NM,19.99
v1|327232577252|0,"GWAR ""The New Dark Ages"" Vinyl 2x LP Gatefold Tour Merch Copy (NM)",37.99
v1|307025382585|0,"Avon Ojala ‎– Come Ride - LP New Zeal - Folk, Christian",2.79
v1|227404053320|0,Rick Springfield Living In Oz LP 1983 RCA AFLI-4660 Vinyl Record,14.95
v1|327232577179|0,"Neil Young ""Time Fades Away"" LP Vinyl Poster Original Receipt VTG 1973 (EX)",33.99
v1|117268952691|0,DAVID BOWIE Pinups 1973 Vinyl LP RCA Victor APL1-0291 Dynaflex LP  EX,5.00
v1|336656950965|0,"Tom Jones - Rescue Me - Gatefold - MCA Records - (Vinyl, LP) MCA-3182",14.99
v1|307025382293|0,The Ramblers Three – Make Way For The Ramblers Three - LP MGM - Folk,0.99
v1|327232577072|0,"Van Halen ""1984"" Vinyl LP Album w/ 7"" ""Jump/House Of Pain"" Single VTG 1984 (EX)",33.99
v1|307025382137|0,"Boston Symphony Orchestra – ""Unfinished"" Symphony No. 8 - 10"" LP 1950 RCA",1.59
v1|206373320698|0,"Settle by Disclosure (Vinyl Record, 2013) Black / Like New",40.00
v1|168492568981|0,Keep the Faith Black Oak Arkansas 1971 Atco Records 33 RPM Vinyl Record LP,9.00
v1|127942208612|0,[REGGAE/CALYPSO]~NM LP~TAMBU~CHARLIES ROOTS~Culture~{Original 1988~SIRE~issue],9.99
v1|127942208613|0,[REGGAE]~NM LP~SHADOW~Moods Of The Shadow~[1992~KISKIDEE~TRINIDAD Import],11.99
v1|127942208614|0,[REGGAE]~EXC LP~RONNIE MCINTOSH~A Perfect Ten X..~[Original MC D KNIFE Issue]~,11.99
v1|127942208615|0,[REGGAE]~EXC LP~VARIOUS ARTISTS~Mr Doo~Volume Two~[1990~SUPERPOWER]~UK IMPORT~,11.99
v1|127942208616|0,[REGGAE]~EXC LP~BLACK SLATE~'Untitled' (Self Titled)~[1982~TOP RANKING]~UK Impor,18.00
v1|127942208617|0,"[REGGAE]~EXC LP~VARIOUS ARTISTS~RAM ""DANCEHALL""~[Original 1989~ISLAND/MANGO~Iss]",9.99
v1|158027591506|0,[REGGAE]~NM LP~JOHNNY P.~Look Good~[Original 1993~RELATIVITY~Issue]~,11.99
v1|158027591508|0,[SOUL/REGGAE]~EXC LP~HARRY BELAFONTE~An Evening With~[Original 1957~RCA]~MONO~,8.99
v1|158027591510|0,[REGGAE]~EXC LP~BRIDGES (TREVOR BRIDGEWATER)~Overdue~[1988~ROVERT]~Rare St. Kitt,32.00
v1|327232576912|0,Orange Is The New Black OST Soundtrack Vinyl LP Record Orange Album 2015 (EX),16.99
v1|188561107537|0,H6-10 THE CARS - 1978 - IMPORT FRANCE - ELEKTRA ELK 52 088 - RECORD - ROCK,39.95
v1|377296028986|0,Laveda - What Happens After - Vinyl Record LP,30.00
v1|307025381994|0,Steve & Maria ‎– A Better Day - LP 1972 Word - Pop/Folk Christian 'ARCHIVIST',1.49
v1|227404052916|0,Ray Charles - Greatest Hits ABC Label ABCS-415 / Soul R&B / LP Vintage Vinyl,8.00
v1|327232576792|0,M*A*S*H Original Soundtrack Vinyl LP Record VTG 1973 MASH Album (VG+),15.99
v1|127942208309|0,"Olivia Newton-John Physical MCA Records LP Vinyl Pop 12"" 33 RPM MCA-5229",5.00
v1|127942208262|0,BRONSKI BEAT - The Age of Consent- 1984 MCA VINYL LP (VG+/VG+),17.35
v1|127942208210|0,"[EDM]~NM 12""~DIME STORE COWBOYS~Hole Lota Luv~(Zeps 'Whole Lotta Love' )",8.98
v1|307025381814|0,"Bryan Bowers – Home, Home On The Road - LP 1980 Flying Fish - Bluegrass/Folk",5.99
v1|327232576682|0,"Joan Baez ""One Day At A Time""  Vinyl LP Record VTG 1970 Vanguard Folk Pop (VG+)",14.99
v1|198454207648|0,Edith Piaf More Of Paris Vinyl Lp Capitol Milord Non Je Ne Regrette Rien Stereo,19.99
v1|327232576625|0,"Neil Sedaka ""Solitaire"" Vinyl LP Record VTG 1972 Pop Album RCA (VG+)",14.99
v1|307025381535|0,Barbie Sipple – Journey To Jesus - LP 1971 Bond - Christian Folk - Archivist,11.99
v1|377296028254|0,"Black Rob - Life Story-12"" Vinyl 2000 US-Bad Boy-1xLP-Hip Hop-EX",19.98
v1|127942207819|0,Brainiac - Smack Bunny Baby Green Colored Vinyl LP 1993 Grass Records Indie Alt,149.99
v1|127942207785|0,[ROCK/COUNTRY]~EXC/VG+ LP~JERRY LEE LEWIS~There Must Be More To Love Than This~,9.99
v1|127942207786|0,[COUNTRY]~EXC LP~HANK SNOW~The Mysterious Lady~{OG 1979~RCA~Issue]~PROMO,8.98
v1|158027590011|0,"[COUNTRY]~EXC LP~PAUL BUSKIRK~Banjo, But Beautiful~[Original 1970~RCA~Issue]",8.98
v1|158027590013|0,[COUNTRY]~EXC LP~RIDERS IN THE SKY~Self Titled~[1979~MM]~AUTOGRAPHED COVER,39.99
v1|158027590014|0,[COUNTRY/POP]~EXC LP~CRYSTAL GALE~These Days~[Original 1980~CBS~Issue],9.99
v1|127942207743|0,[COUNTRY/GOSPEL]~EXC LP~The CHUCK WAGON GANG~Gang's Greatest Hits~[1969~CBS~Iss],8.99
v1|127942207744|0,[COUNTRY/POP]~VG+ LP~DWAIN JOHNSON~Blessings~[Original 1977~JIM~Issue],8.98
v1|127942207745|0,[COUNTRY]~EXC LP~GEORGE HAMILTON IV~Forever Young~[1979~MCA~Issue]~UK IMPORT~,9.99
v1|127942207746|0,[COUNTRY]~EXC LP~RAY PRICE~Precious Memories~{Original 1976~WORD~Issue],9.99
v1|127942207749|0,[COUNTRY]~NM LP~DOTTSY~The Sweetest Thing~[OG 1976~RCA~Issue],8.98
v1|127942207750|0,[COUNTRY]~EXC LP~SYDNEY DEVINE~Crying Time~{1974~EMERALD GEM~Issue]~UK Import,11.99
v1|127942207751|0,[COUNTRY]~EXC LP~DEL REEVES & LIZ LYNDELL~Let's Go To Heaven Tonight~[1980~KOAL,11.99
v1|127942207752|0,[COUNTRY]~EXC LP~FRANKIE LAINE~His Greatest Hits~[1986~WARWICK~Issue]~UK IMPORT~,9.99
v1|127942207753|0,[ROCK/POP/COUNTRY]~EXC LP~POCO~Deliverin'~[1980~EPIC~Blue Label~Reissue],9.99
v1|127942207754|0,[COUNTRY]~EXC LP~JIM WEATHERLY~The Songs Of Jim Weatherly~{OG 1974~BUDDAH~Issue],9.99
v1|127942207755|0,[COUNTRY/FOLK]~EXC LP~The CAN BAND~To Our Friends~[1977~MOON SOUND~Issue],9.99
v1|127942207756|0,[COUNTRY]~EXC LP~The LAZY WRANGLERS~Colorado~[1978~LAZY]~Signed Cover~,11.99
v1|127942207757|0,[COUNTRY/POP]~EXC LP~PATTI PAGE~Go On Home~C&W Hits Volume 2~[1962~MERCURY~STERE,8.99
v1|127942207758|0,[ROCK/FOLK/COUNTRY]~NM LP~HOLLAND YOUNG~Determination~[OG 1982~EARLY DUTCH~Iss],69.99
v1|127942207759|0,[COUNTRY]~EXC LP~JERRY WALLACE~Primrose Lane~Don't Give up On Love~[1973]~PROMO,8.98
v1|127942207760|0,[COUNTRY]~EXC LP~DAVID HOUSTON~From The Heart Of Houston~{1979~DERRICK]~,8.98
v1|127942207761|0,[COUNTRY]~EXC LP~DAVID ROGERS~Farewell To The Ryman~{1973~ATLANTIC~PROMO]~,8.98
v1|127942207762|0,[ROCK/FOLK]~EXC LP~ALBION COUNTRY BAND~Battle Of The Field~[1976~ISLAND]~UK Impo,14.99
