v1|117274405329|0,ROB CARR & BILL KAHL Communication 1 LP orig 1971 private Michigan folk NM Vinyl,74.98,0.2445
v1|198466179626|0,Herbie Hancock Inventions & Dimensions LP Blue Note original stereo,305.00,0.4910
v1|198466131510|0,Weldon Irvine In Harmony LP Strata East original,690.00,0.5902
v1|188582727652|0,"Jazz/New Age-ish  vinyl, lot of 31 titles (a few double lps)",4.99,0.3354
v1|117274398373|0,JOHN DRENDALL & B.A. THROWER LP orig. 1972 private Michigan folk/psych NM Vinyl,298.98,0.3233
v1|158041340177|0,JON HASSELL BRIAN ENO Vinyl LP Fourth World Vol 1 Possible Music EG Records 1980,14.95,0.3978
v1|227409399823|0,"PEDRO PIETRI ""LOOSE JOINTS"" FOLKWAYS-9722  NM AUTOGRAPH COVER W/BOOKLET",10.50,0.3872
v1|298474082055|0,Ramones SASD-7520 Self Titled Lp Vinyl Misprint Sire 1st Press,100.00,0.8068
v1|198466152632|0,Grachan Moncur III Evolution LP Blue Note original mono Bobby Hutcherson,540.00,0.5855
v1|327239456927|0,Love Song – Final Touch (1974) Good News Records vinyl,6.00,0.4152
v1|318524891768|0,GABOR SZABO BACCHANAL  US original vinyl LP,8.00,0.5193
v1|800269569585|0,Lindsay Lohan - A Little More Personal Red Black Splatter Colored Vinyl LP Rare,1.25,0.3054
v1|198466168053|0,Dexter Gordon One Flight Up LP Blue Note original stereo Donald Byrd,247.49,0.8157
v1|188580153611|0,Miles Davis Nefertiti LP Original 1968 Columbia CS 9594 2-Eye Stereo Jazz Vinyl,35.00,0.6838
v1|327240835144|0,Tyrannosaurus Rex  A Beard Of Stars  Rare 1970 Blue Thumb Folk Psych Rock Lp,9.99,0.4739
v1|198466163744|0,Eric Dolphy Out to Lunch LP Blue Note OG mono ear,281.00,0.5237
v1|318543405331|0,Original 1967 Velvet Underground & Nico First East Coast US Pressing LP V6-5008,450.00,0.6695
v1|287429876587|0,HANK MOBLEY Quintet BLP 1550 Blue Note Mono RVG Ear Deep Groove,825.00,0.2679
v1|358747247929|0,The Unique Thelonious Monk Riverside 12-209 MONO FIRST PRESS VG+ 1955 CLEAN,16.50,0.5617
v1|336667757432|0,SUGAR CREEK PLEASE TELL A FRIEND JOHNATHAN EDWARDS PSYCH MONSTER LP VINYL ALBUM,19.99,0.3173
v1|287434418375|0,Willie Colon – Lo Mato Si No Compra Este LP 1973 Fania Records vinyl salsa latin,10.00,0.2787
v1|287429895588|0,HANK MOBLEY And His All Stars BLUE NOTE BLP 1544 Mono RVG Later Pressing,190.00,0.5587
v1|307035144265|0,"Neutral Milk Hotel In the Aeroplane Over the Sea Black Vinyl LP  12""",7.00,0.2748
v1|287434412158|0,"Willie Colón Hector Lavoe Vigilante LP Vinyl Record 12""",20.00,0.4907
v1|287429834095|0,"LEE MORGAN Volume 2 Sextet BLUE NOTE BLP 1541 Lex RVG Ear Deep Groove, VG",725.00,0.4566
v1|178271285756|0,"JULIAN ""CANNONBALL"" Adderley Lot of 7 VINYL LPs on various labels Something Else",28.00,0.5655
v1|318524887836|0,GABOR SZABO JAZZ RAGA  US original vinyl LP,8.00,0.8039
v1|366510896463|0,Judee Sill LP Self Titled,39.00,0.4867
v1|147407353234|0,Marian Segel W/Silver Jade - Fly On Strangewings - 1970 - DJM Records(WL PROMO),8.99,0.3506
v1|287434520123|0,Yutaka Yokokura - Love Light LP 1978 Alfa Records ALR-6009 RARE Jazz Fusion Exc,20.00,0.5526
v1|117277615601|0,NEW ORDER TECHNIQUE 1989 QUEST RECORDS SHRINKWRAP & HYPE STICKER NEAR MINT VINYL,64.95,0.4172
v1|198466151031|0,Pharoah Sanders - Pharoah LP ESP-Disk stereo test pressing,584.00,0.6857
v1|267715662605|0,LEONARD COHEN-Live Songs-1973 VG++/NM- LP! Bird On A Wire/Tonight Will Be Fine,9.99,0.2371
v1|377307317498|0,CURTIS COUNCE Carl's Blues CONTEMPORARY 1960 Jazz LP VINYL Record ALBUM VG+ USED,65.60,0.3189
v1|198466052822|0,WILLIE COLON - COSA NUESTRA ( Hector La Voe ) LP ( VG & C/VG ) ORIG. MONO LP-384,14.50,0.4030
v1|227413477983|0,Radiohead OK Computer UK Gate Fold Parlophone,200.00,0.3691
v1|168496576857|0,ultimate spinach vinyl lp-mgm 1968 psych-vinyl g+ ,20.00,0.7652
v1|358748844584|0,John Coltrane Trane's Reign Prestige 7746 MONO trident RVG Red Garland 1970,9.99,0.4560
v1|117277904322|0,The Velvet Underground With Nico 1971 Us Pressing (vinyl G+-VG) *see Notes*,29.95,0.7476
v1|198466174169|0,Marion Brown Quartet LP ESP-Disk 1022 stereo,62.00,0.8545
v1|198466157544|0,Albert Ayler in Greenwich Village LP Impulse original stereo,81.00,0.4795
v1|377307317473|0,DANDO SHAFT An Evening With DECCA 1970 Folk Rock LP VINYL Record ALBUM  USED,19.67,0.5742
v1|287429840558|0,Lee Morgan Vol. 2 Blue Note BLP 1541 Mono RVG - Lex Later Pressing,400.00,0.8876
v1|236908849068|0,Charles Mingus - Mingus Mingus Mingus Mingus Mingus  LP / 1964 US  Impulse!,49.99,0.7691
v1|287434423586|0,Willie Colon Cosa Nuestra LP Vinyl Record SLP 384,31.00,0.4907
v1|198466051534|0,WILLIE COLON - FANTASMAS / LP  0RIG.  1981 ( LP/  VG & COVER / VG- ),37.00,0.4177
v1|198466096934|0,Oliver Nelson The Sound of Feeling LP DJ mono Verve,12.00,0.5360
v1|358749203166|0,Cecil Taylor Unit Structures Blue Note 84237 stereo Liberty NM LP Ken McIntyre,10.00,0.8176
v1|147408313934|0,Donald Byrd A New Perspective Lp Blue Note Mono Van Gelder Ear Kenny Burrell  Ex,59.99,0.6087
v1|198466153374|0,Charles Tolliver Impact LP Music Inc Strata East original,110.50,0.4499
v1|287428789955|0,"Nation of Ulysses- 13 Point Program to Destroy America, Near Mint, In Shrinkwrap",18.00,0.3221
v1|358747024167|0,Charles Tolliver Music Inc Live at Slugs Vol.II Strata East Stanley Cowell Cecil,10.50,0.5006
v1|198466154531|0,Bill Dixon 7-tette LP Savoy Archie Shepp Ted Curson Don Cherry,100.00,0.5597
v1|358747155319|0,Horace Silver Quintet 6 Pieces of SIlver Blue Note 1539 47W63rd NYC Hank Mobley,13.50,0.3701
v1|227410261052|0,ARK 2 FLAMING YOUTH Sample copy.,10.00,0.2909
v1|358748914470|0,Gil Evans Orchestra Out of The Cool Impulse A-4 MONO Ron Carter Elvin Jones VG+,10.00,0.3598
v1|198466096922|0,Bobby Timmons Got To Get It! LP Milestone,30.00,0.3584
v1|358739001448|0,John Coltrane Stardust,29.00,0.8113
v1|267714188929|0,Yusef Lateef / The Complete Yusef Lateef - Atlantic Jazz Vinyl - 1968 Stereo Ex,9.99,0.8054
v1|287429560383|0,"HERBIE NICHOLS ""TRIO"" BLUE NOTE BLP1519 LEX MONO RVG Ear",675.00,0.4259
v1|137476245685|0,Giorgio Moroder E=MC2 Casablanca Record & Filmworks 1979 Vinyl LP NBLP 7169 DJ,27.00,0.3630
v1|147401682524|0,The White Stripes Elephant 2xLP Red & White Color Vinyl Gatefold 2003 V2 Records,33.33,0.6511
v1|358747272318|0,Funkadelic Maggot Brain Westbound WB 2007 stereo 1st SUPERB!!,45.00,0.6006
v1|287429542358|0,HORACE SILVER & The Jazz Messengers BLP1518 BLUE NOTE US RVG Ear,125.00,0.3872
v1|366513780494|0,"Siouxsie & the Banshees - Elephant Frayer Festival - 12"" Vinyl Album - Live LP",49.99,0.4977
v1|198466050510|0,WILLIE COLON - LA GRAN FUGA ( Alias : EL MALO ) LP / NM ( ORIGINAL ),40.00,0.4684
v1|318524832028|0,TARTAGLIA GOOD MORNING STARSHINE 1969 space age fusion original US vinyl LP,4.00,0.3407
v1|127950495387|0,John Fahey America Takoma Records 1971 EX COND w/booklet,13.00,1.0000
v1|398124341612|0,KENNY DORHAM QUINTET Jerome Kern Showboat - 1961 TIME 52024  *Jimmy Heath,30.00,0.5566
v1|366514353474|0,Donald Byrd  Street Lady Lp Gatefold Blue Note soul jazz Nm,34.99,0.5068
v1|358747133811|0,The Amazing Bud Powell Blue Note 1504 Vol.2 Lex Ave RVG EAR flat edge VG+ MONO,23.50,0.7049
v1|227410145885|0,ART ZOYD Symphonie pour le jour/Deux Images Imbecile Cryonic - France LP VG+/F,29.99,0.6596
v1|377306522215|0,Clifford Brown With Strings LP Album 1955 MG 36005 Mono RE Jazz,35.00,0.3142
v1|188588540300|0,"Die Kreuzen – Cows and Beer OOP 2014 - Adrenalin O.D, N.O.T.A, Necros, Killdozer",20.00,0.5367
v1|800265610283|0,MOTOR TOTEMIST GUILD Contact With Veils LP Vinyl 1986 Avant Garde Electronic,25.00,0.6251
v1|178276510560|0,THE CLEAN Great Sounds LP 12 New Zealand 1982 Toy Love FLYING NUN David Kilgour,136.96,0.6326
v1|198466155635|0,Archie Shepp Fire Music LP Impulse original stereo,91.01,0.7267
v1|358749087369|0,Art Blakey Jazz Messengers Tough Cadet 4049 stereo Jackie McLean Bill Hardman,7.99,0.5227
v1|298467669900|0,Wigwam Being 1974 Love Records LRLP 92 Finland,250.00,0.4033
v1|307034898786|0,"Miles Davis, Bitches Brew, Early Two Eye, 360 Sound, Credit Error To Davis VG++",99.00,0.7058
