v1|318496062282|0,Peaceful Solutions - Scarce Private Press New Age/Experimental/Funk LP 1984,4.99,0.2964
v1|318496062282|0,Peaceful Solutions - Scarce Private Press New Age/Experimental/Funk LP 1984,4.99,0.3715

v1|188459098909|0,Leonard Cohen ‎- Songs Of Love And Hate - Columbia 30103 LP Vinyl Record,0.99,0.2566
v1|188459098909|0,Leonard Cohen ‎- Songs Of Love And Hate - Columbia 30103 LP Vinyl Record,0.99,0.4191

v1|398099190803|0,RAMONES~Road To Ruin~1978 1st LA PRESS Punk Rock LP~w/Inner SIRE SRK 6063 (NM/G),17.95,0.5073
v1|398099190803|0,RAMONES~Road To Ruin~1978 1st LA PRESS Punk Rock LP~w/Inner SIRE SRK 6063 (NM/G),17.95,0.5634

v1|287394644395|0,ANDWELLA PEOPLE'S PEOPLE LP OBSCURE POST~DREAM UK PROG 1ST US PRESS '70 DUNHILL!,4.99,0.3736
v1|287394644395|0,ANDWELLA PEOPLE'S PEOPLE LP OBSCURE POST~DREAM UK PROG 1ST US PRESS '70 DUNHILL!,4.99,0.5199

v1|278088162586|0,BECKETT SELF TITLED S/T DEBUT 1ST SOLE LP WILDLY RARE RAFT UK PROG WITH INSERT!!,4.99,0.3163
v1|278088162586|0,BECKETT SELF TITLED S/T DEBUT 1ST SOLE LP WILDLY RARE RAFT UK PROG WITH INSERT!!,4.99,0.3954

v1|158026526228|0,STEAMHAMMER 'Reflection' 1969 Prog Rock Psych lp Orig US pressing,30.00,0.2758
v1|158026526228|0,STEAMHAMMER 'Reflection' 1969 Prog Rock Psych lp Orig US pressing,30.00,0.2547

v1|267709547453|0,Gong Cambert Electrique LP. VC502 Stereo English Pressing.  VG+,20.00,0.3992
v1|267709547453|0,Gong Cambert Electrique LP. VC502 Stereo English Pressing.  VG+,20.00,0.3823

v1|278088537749|0,MAINHORSE SELF TITLED S/T DEBUT SOLE LP ULTRA RARE OBSCURE UK PROG 1971 POLYDOR!,4.99,0.3307
v1|278088537749|0,MAINHORSE SELF TITLED S/T DEBUT SOLE LP ULTRA RARE OBSCURE UK PROG 1971 POLYDOR!,4.99,0.3260

v1|278095750372|0,MORT GARSON LUCIFER BLACK MASS LP RARE 1973 MCA WITH PATCHCORD DEAD WAX ETCHING!,4.99,0.4535
v1|278095750372|0,MORT GARSON LUCIFER BLACK MASS LP RARE 1973 MCA WITH PATCHCORD DEAD WAX ETCHING!,4.99,0.3971

v1|206361802931|0,13th Floor Elevators Psychedelic Sounds 1967 1st Press STEREO LP MONO Cover Rare,275.00,0.6861
v1|206361802931|0,13th Floor Elevators Psychedelic Sounds 1967 1st Press STEREO LP MONO Cover Rare,275.00,0.8692

v1|147394121976|0,"""EARTH OPERA""  1968  DEBUT LP  PSYCHEDELIC ROCK  GATEFOLD  U.S.A. ELEKTRA",9.99,0.2654
v1|147394121976|0,"""EARTH OPERA""  1968  DEBUT LP  PSYCHEDELIC ROCK  GATEFOLD  U.S.A. ELEKTRA",9.99,0.2654

v1|278089278568|0,EGG POLITE FORCE LP WILDLY RARE UK PROG~ORIG '71 DERAM 1ST US PRESS~DRUM BREAKS!,6.00,0.3780
v1|278089278568|0,EGG POLITE FORCE LP WILDLY RARE UK PROG~ORIG '71 DERAM 1ST US PRESS~DRUM BREAKS!,20.50,0.3719

v1|147393727485|0,"Willie Colon ""THE HUSTLER""  (FANIA)",10.00,0.3553
v1|147393727485|0,"Willie Colon ""THE HUSTLER""  (FANIA)",10.00,0.3660

v1|287394897532|0,ACCOLADE SELF TITLED S/T DEBUT LP MEGA RARE ORIGINAL 1970 1ST L.A. GREEN CAPITOL,4.99,0.3591
v1|287394897532|0,ACCOLADE SELF TITLED S/T DEBUT LP MEGA RARE ORIGINAL 1970 1ST L.A. GREEN CAPITOL,4.99,0.4150

v1|257586749658|0,"The United States of America 1968 LP Original Psych Rock, Columbia 2 Eye CS9614",50.00,0.7847
v1|257586749658|0,"The United States of America 1968 LP Original Psych Rock, Columbia 2 Eye CS9614",50.00,0.8105

v1|127941910681|0,George Harrison All Things Must Pass 3 LP Box Set Apple Records - STCH 639,29.99,0.2843
v1|127941910681|0,George Harrison All Things Must Pass 3 LP Box Set Apple Records - STCH 639,36.00,0.3508

v1|287404494209|0,THIRD EAR BAND ALCHEMY LP ULTRA RARE ORIG. 1969 CANADA 1ST PRESS GREEN CAPITOL!!,4.99,0.3762
v1|287404494209|0,THIRD EAR BAND ALCHEMY LP ULTRA RARE ORIG. 1969 CANADA 1ST PRESS GREEN CAPITOL!!,4.99,0.3674

v1|158026568105|0,THe EBONYS 1973 Vinyl lp Philadelphia International Rec Funk Soul gem M- vinyl,25.00,0.5000
v1|158026568105|0,THe EBONYS 1973 Vinyl lp Philadelphia International Rec Funk Soul gem M- vinyl,25.00,0.5723

v1|178240433243|0,Dead Moon Unknown Passage LP 1989 OG 1st Press not reissue Tombstone T-25 Wipers,149.99,0.3862
v1|178240433243|0,Dead Moon Unknown Passage LP 1989 OG 1st Press not reissue Tombstone T-25 Wipers,149.99,0.2994

v1|327224353616|0,"THE FEMININE COMPLEX LIVIN' LOVE  Cult 12"" US '69 Athena Album DISC: EXCELLENT++",99.00,0.3342
v1|327224353616|0,"THE FEMININE COMPLEX LIVIN' LOVE  Cult 12"" US '69 Athena Album DISC: EXCELLENT++",99.00,0.3103

v1|278095707436|0,LORQ DAMON JOURNEY LAND FORGOTTEN DREAMS LP ULTRA RARE PRIVATE ELECTRONIC PSYCH!,53.00,0.1925

v1|127938780266|0,John Fahey America Takoma Records 1971 EX COND w/booklet,20.00,1.0000

v1|336648982326|0,John Coltrane-Africa Brass -Impulse! AS-6 RVG-Stereo-Stamped 1967 issue NM-/EX!!,49.50,0.5503

v1|407022963190|0,Sir Lord Baltimore Kingdom Come LP,21.50,0.3097

v1|398099985143|0,HAMPTON GREASE BAND~Music to Eat~1971 PSYCH-PROG ROCK PITMAN PROMO~2 LP~(EX/G),15.95,0.2494

v1|407022644066|0,Shirley Collins Adieu to Old England LP UK Topic Textured cover,5.00,0.4936

v1|188553198372|0,"CHERIE & MARIE CURRIE on LP  "" MESSIN' WITH THE BOYS  "" rock hard rock",4.99,0.3097

v1|158021136603|0,die kreuzen Lp Century Days,8.00,0.3780


v1|336648982326|0,John Coltrane-Africa Brass -Impulse! AS-6 RVG-Stereo-Stamped 1967 issue NM-/EX!!,49.50,0.5503

v1|117265114422|0,NEW ORDER TECHNIQUE 1989 QUEST RECORDS SHRINKWRAP & HYPE STICKER NEAR MINT VINYL,69.99,0.3015


v1|137443461374|0,ERIC B. & RAKIM   Paid in full  LP 1987  4th & Broadway  MARLEY MARL,16.95,0.4178

v1|267708017547|0,Smashing Pumpkins - Siamese Dream - Original Press 1993 Orange Vinyl 2xLP,259.52,0.2649

v1|267709608563|0,LEONARD COHEN-Live Songs-1973 VG++/NM- LP! Bird On A Wire/Tonight Will Be Fine,9.99,0.2154
v1|398098317440|0,R.E.M.-New Adventures In Hi-Fi-ORIG. 1996 U.S. WB Double PROMO LP-NM/UNPLAYED!,249.99,0.2339
v1|327231736276|0,JOY DIVISION /CLOSER -FACTUS 6   1st Pressing on Brown Clear Vinyl  NM++,99.99,0.3638
v1|336649014656|0,John Coltrane w/McCoy Tyner & Elvin Jones-Ole-Atlantic  SD-1373 1976 Pressing EX,33.50,0.5486
v1|336648697554|0,John Coltrane w/ Lee Morgan-Blue Train-Blue Note BST 81577 UA 1973 Reissue EX!!,36.50,0.6874
v1|800232963553|0,Gabor Szabo Spellbinder Impulse AS-9123 LP 1966 VG+,10.00,0.7359
v1|307019291050|0,The Mummies - Never Been Caught LP Vinyl Garage Rock Punk Mono 12” US,50.00,0.2437
v1|267707982816|0,Sleater Kinney - The Hot Rock - LP/Vinyl - 1999 OG Release KRS 321 W/ Catalog,15.00,0.2947
v1|117268381405|0,The Incredible String Band Hangman's Beautiful Daughter & EARTHSPAN - PROMO NFS,30.00,0.9303
v1|327231736298|0,GONG/ Flying Teapot Radio Gnome Invisible Part 1  NM++ RARE UK Import 2nd Press,74.99,0.2835
v1|267708001026|0,Mogwai - Happy Songs for Happy People - LP/Vinyl - Original 2003 Matador Release,30.00,0.4024
v1|257583595578|0,Lee Morgan Charisma 1969 Blue Note stereo gatefold vinyl,45.00,0.5172
v1|287413359024|0,JUNIE FREEZE LP ORIGINAL PRESS,29.99,0.4132
v1|127933313827|0,"The Jesus and Marychain - Upside Down 7"" Vinyl UK 1984 Creation CRE 012 w/Insert",14.99,0.2474
v1|198447680338|0,Patrice Rushen Classic Soul Funk and Jazz 4-Album Vinyl Lot,9.00,0.4887
v1|127941762570|0,"AIRTO, Free 12-in 33 And 1/3 Stereo CTI Records Release 1972 Early Fusion VG+",4.65,0.4207
v1|800232672334|0,DONN THOMAS You're The One LP Myrrh 6680 1981  Gospel Modern Soul.,8.00,0.2716
v1|188552498860|0,"Don Baron – Action Vinyl 12"" Single 1988  Hip Hop / Rap / Club RARE $1 Start",1.00,0.2587
v1|188531788617|0,"Vitamix – That's The Way Girls Vinyl 12"" Single 1987 Rap / Freestyle / Club RARE",4.99,0.2907
v1|327231736277|0,Suzanne Ciani -/The Velocity Of Love  NM++ Vinyl  Like New,12.99,0.2987
v1|287413489763|0,"Nation of Ulysses- 13 Point Program to Destroy America, Near Mint, In Shrinkwrap",18.00,0.3400
v1|407026996963|0,State 808 ‎– Newbuild RARE Acid House 1988 UK Vinyl LP STATE 002 VG+,8.99,0.4123
v1|267708083415|0,Charles Mingus - The Complete Candid Recordings - Rare Presentation Copy! Mosaic,100.00,0.3702
v1|287413998775|0,Ramloc - S/T LP - Ramloc - Private Prog Rock Psych,20.00,0.2578
v1|188531863959|0,"Nolan Thomas – Too White Vinyl 12"" Single 1985 Rap / Freestyle / Club RARE",4.99,0.3171
v1|307020847606|0,"Neutral Milk Hotel In the Aeroplane Over the Sea Black Vinyl LP  12""",17.00,0.1883
v1|358702621785|0,bikini kill vinyl record 12 lp,29.99,0.4247
v1|318495379316|0,Mint Faust Faust  UK 2310142 POLYDOR 1971 German record on clear orange vinyl,199.99,0.4138
v1|168486009595|0,The Dameans Gloryland LP 1979 Private Pressing Religious/Pop,11.00,0.2404
v1|287407783208|0,ELIS REGINA-TRANSVERSAL DO TEMPO. Brazil import,15.00,0.2467
v1|127937311076|0,Black Ice - I Judge The Funk Vinyl Record LP 1979 Funk Soul Disco DJ,16.49,0.4171
v1|327228759390|0,BOBBY CALDWELL - CAT IN THE HAT - CLOUDS 8810 - 12” VINYL LP,8.84,0.7650
v1|287408740563|0,THE STATUS QUO-PICTURESQUE MATCHSTICKABLE MESSAGES FROM THE STATUS QUO.  british,30.00,0.4152
v1|800229609685|0,MOTOR TOTEMIST GUILD Contact With Veils LP Vinyl 1986 Avant Garde Electronic,25.00,0.4517
v1|327231736301|0,Ornette Coleman /Body Meta  NM++ VINYL,22.99,0.4400
v1|178249318854|0,Stereolab - Transient Random - Noise Bursts With Announcements Vinyl,75.00,0.7233
v1|257583063699|0,The Smiths Meet Is Murder 1985 pressing,50.00,0.2423
v1|358714239947|0,Blue Mitchell Vinyl Album Bringing It Home To Me VG+,39.00,0.2961
v1|236897288160|0,George Harrison All Thing Must Pass Vintage 3LP Vinyl 70s Classic Rock Records ,40.00,0.2627
v1|236894707555|0,"Eddie Palmieri Unfinished Masterpiece LP 12"" Vinyl Stereo Coco Records CLP 120",10.00,0.3741
v1|287414079159|0,Oganookie-Rare Rural Psych Folk-New Train Song-Play It Cool-1973,9.99,0.2640
v1|327231736289|0,Flamin' Groovies /  Now--  EXC++. Vinyl,8.99,0.4896
v1|188552772778|0,R.E.M. Green Warner Bros. W1-25795 Matte Jacket 1988 Plays Near Mint,24.99,0.5492
v1|377291405209|0,"PJ HARVEY Man-Size 12"" VINYL  EP single (Maxi) UK 12IS569 ALT Rock INDIE Britpop",250.00,0.3581
v1|137447582194|0,MC5 High Time original 1971 US vinyl release gatefold Presswell,39.99,0.2452
v1|227401460265|0,STOCKHAUSEN  Gruppen fur 3 Orchester  Carre fur 4 Orchester  DG Avant Garde  NM,14.90,0.3422
v1|358712874536|0,Kate Bush Cloudbusting 12” Vinyl Record 1985 UK Purple Label VG++ RARE,14.99,0.3264
v1|227401554335|0,"1982 Killing Joke, Birds Of A Feather EGOX-10 Vinyl  12"" Single 45 RPM Record",7.95,0.3083
v1|227401425080|0,The Velvet Underground & Nico Produced By Andy Warhol V6-5008 Vinyl,247.00,0.7069
v1|188552773539|0,R.E.M. Dead Letter Office IRS SP70054 Matte Jacket 1987 Plays Near Mint,24.99,0.2114
v1|117267365405|0,"OBSCURE SPIRITUAL FREE FORM JAZZ-KENNY GRAHAM ,MOONDOG SUITE,SUNCAT SUITE",69.99,0.3044
v1|307025002965|0,Donny Hathaway - Extension Of A Man LP - Atlantic [SD 7029] 1970 (EX/EX),39.99,0.8561
v1|407022049296|0,TANGERINE DREAM * THE COLLECTION* 2 LP* UK* IMPORT,19.99,0.4378
v1|287408596616|0,IRMA THOMAS-DOWN AT MUSCLE SHOALS. Japanese import  w/obi,35.00,0.3632
v1|198449848822|0,LAIBACH-SYMPATHY FOR THE DEVIL - Vinyl -FIRST PRESSING  1988 MUTE records,19.58,0.5370
v1|127941651895|0,Andy Bey  The Meaning Of The Blues 45 Vg,19.99,0.5924
v1|158020450528|0,"Lou Reed-Metal Machine Music (2 LP'S, Records, Vinyl) 1975---RARE---",80.00,0.4421
v1|236898634698|0,1971 TANGERINE ALPHA CENTAURI LP Vinyl OHR Record GERMANY Gatefold  OMM556012,30.00,0.5979
v1|267709839806|0,BOOKER ERVIN Exultation! Prestige LP 7844 1972 Stereo Test Pressing Strozier ,79.99,0.6332
v1|227401369290|0,GEORGE HARRISON/ALL THINGS MUST PASS-1970-Apple STCH 639-Box Set 3 Records,75.00,0.3013
v1|178249051560|0,Rena Scott Do That To Me One More Time Promo Copy LP Vinyl,15.00,0.4170
v1|236894960405|0," Nina Simone /Pastel Blues/ Mono LP-1966 - Philips Records-PHM 200-187",100.00,0.6168
v1|377283189205|0,PEGASUS - SELF-TITLED SUNSHINE RARE PRIVATE SOUL  DISCO LP SHRINK,40.00,0.4168
v1|158020181335|0,AVANT GARDE Fly With Me / Revelation's Revolutions COLUMBIA 4-44701 (1968) PROMO,12.00,0.4508
v1|158021339080|0,Bergen White - For Women Only. International Records SSS #7 Vinyl LP Record,19.95,0.5079
v1|236893932861|0,The Velvet Underground & Nico - LP/Stereo -V6-5008(0701) /1978,98.00,0.7595
v1|267709738560|0,LEE MORGAN Quintet LP Vee Jay Mono WLP Promo Clifford Jordan Art Blakey Davis,44.99,0.3379
v1|800232343586|0,Heraldic Blaze - Blazoned Heraldry LP,25.00,0.0000
v1|377283189170|0,MILES DAVIS - WATER BABIES COLUMBIA PC 34396 LP,25.00,0.5451
v1|267707854699|0,"NAS It Ain’t Hard to Tell 12"" Vinyl EP Record 1994 Single Hip Hop",20.00,0.2675
v1|278109640006|0,INSTANT FUNK - KINKY SALSOUL LP,8.00,0.9137
v1|278109641959|0,BOHANNON - DANCE YOUR ASS OFF DAKAR LP RARE WL PROMO,20.00,0.9673
v1|206361014903|0,"Max Roach – Jazz In 3/4 Time, LP w/ Sonny Rollins Kenny Dorham, Stereo EX/VG+",31.12,0.5189
v1|267708102782|0,THE EMANCIPATION OF MIMI-MARIAH CAREY [used promo] 2005 DEF JAM DOUBLE VINYL LP,62.00,0.3107
v1|327229118902|0,ZIMMERMANN  Die Soldaten  WERGO  WER 60030  3-lp  NM,18.90,0.6399
v1|117267362867|0,"OBSCURE R+B GROUP-THE TEENAGERS,ORIGINAL AMERICAN PRESS",44.99,0.3122
v1|158020600007|0,Galorn 1978 Original Pressing Vinyl,60.00,0.4205
v1|206361014932|0,"John Coltrane & Ray Draper - Coltrane Draper; Jazz LP, UK Import  Excellent",52.00,0.5310
v1|206367400444|0,funk Soul Dolores Gibson “my Heart Says No”,25.00,0.3042
v1|267704716572|0,"Ebony Rhythm Band ""Soul Heart Transplant"" & ""Drugs Ain't Cool"" 7"" vinyl record",17.99,0.2299
v1|117263890316|0,"Monie Love - Born 2 B.R.E.E.D., 12"", (Vinyl)",40.00,0.4127
v1|206361015145|0,The Three Sounds – Three Moods;  LIMELIGHT JAZZ / NIPPON PHONOGRAM JAPAN,22.88,0.2935
v1|236895008376|0,Latimore- Dig A Little Deeper LP SEALED! Not a cutout. Glades Recoeds 1978,37.99,0.3902
v1|267708112301|0,JANET JACKSON'S RHYTHM NATION 1814 [used orig.] 1989 A&M RECORDS VINYL LP,50.00,0.8979
v1|398087277265|0,Gill Melle’ - The Andromeda Strain 10” 33rpm Vinyl LP NM 1971 Electronic RARE,288.00,0.3748
v1|206368462803|0,R&B Funk  Arlene Brown “ Impeach Me baby”,20.00,0.3625
v1|158021162967|0,Mariah Carey RAINBOW MC30  VERY RARE BLUE  2x LP - Out Of Print 🌈 Vinyl,124.99,0.2738
v1|206367367419|0,Funk / Soul Maurice McAllister “Baby Hang  On”,25.00,0.3411
v1|287407808001|0,DOUG CARN- ADAMS APPLE- LP=BLACK JAZZ BJDQ/21 og STEREO QUAD,89.00,0.2866
v1|158013803210|0,Karlheinz Stockhausen - Christoph Caskel / Max Neuhaus / Frederic Rzewski ‎– Zyk,34.00,0.4357
v1|137446577328|0,"Portishead Sour Times Promo 12"" Vinyl 1994 Go! Disc London Original Pressing ",10.00,0.3012
v1|227401487475|0,WIGWAM the Lucky Golden Stripes Starpose VIRGIN Vinyl LP UK Import w POSTER Mint,19.99,0.2488

v1|198448304825|0,Vtg 1970s Dead Boys Young Loud Snotty Vinyl LP Record Punk Rock 1st Press NM/EX,95.00,0.3503

v1|267707398210|0,Bobby Womack “ Understanding” 33 Rpm Record UAS-5577,12.28,0.3956
